✅,ARRANGED,CLIENT,TREATMENT,LOCATION,CONTACT NUMBER,FREQUENCY,Prefer Day,Duration and PCT ,SALESMAN,KTN,KTN,KTN,KTN,KTN,KTN,KTN,KTN,KTN,KTN,KTN,KTN,KTN,KTN,KTN,KTN,KTN,KTN,KTN,KTN,KTN,KTN,KTN,KTN,KTN,KTN,KTN,KTN,KTN,KTN
❎,TO BE ,,,,,,,,,MON,TUE,WED,THU,FRI,SAT,SUN,MON,TUE,WED,THU,FRI,SAT,SUN,MON,TUE,WED,THU,FRI,SAT,SUN,MON,TUE,WED,THU,FRI,SAT,SUN,MON,TUE
,DONE,,,,,,,,,1,2,3,4,5,6,7,8,9,10,11,12,13,14,15,16,17,18,19,20,21,22,23,24,25,26,27,28,29,30
,,,,,,,,,,,,,,,,,,,,,,,,,,,,,,,,,,,,,,,
,01 .,MONTHLEY TREATMENTS,,,,,,,,,,,,,,,,,,,,,,,,,,,,,,,,,,,,,
,,,,,,,,,,,,,,,,,,,,,,,,,,,,,,,,,,,,,,,
,ARRANGED,TOPAZ HOTELS,GPC/RC,Kandy,,Monthly,,,,KANDY,KANDY,KANDY,KANDY,KANDY,KANDY,KANDY,KANDY,KANDY,KANDY,KANDY,KANDY,KANDY,KANDY,KANDY,KANDY,KANDY,KANDY,KANDY,KANDY,KANDY,KANDY,KANDY,KANDY,KANDY,KANDY,KANDY,KANDY,KANDY,KANDY
,ARRANGED,SPECTRA LOGISTICS,GPC/RC/MC,DC,,Monthly,,,Wasantha,,,,,,,,,,,,,✅,,,,,,,,,,,,,,,,,
,ARRANGED,SPECTRA LOGISTICS,GPC/RC/MC,DEPOT,,Monthly,,,Wasantha,,,,,,,,,,,,,❎,,,,,,,,,,,,,,,,,
,ARRANGED,SPECTRA LOGISTICS,GPC/RC/MC,Wattala,,Monthly,,,Wasantha,,✅,,,,,,,,,,,,,,,,,,,,,,,,,,,,
,ARRANGED,SPECTRA LOGISTICS,GPC/RC/MC,Sapugaskanda,,Monthly,,,Wasantha,,✅,,,,,,,,,,,,,,,,,,,,,,,,,,,,
,ARRANGED,SPECTRA LOGISTICS,GPC/RC,Nittabuwa,,Monthly,,,Wasantha,,✅,,,,,,,,,,,,,,,,,,,,,,,,,,,,
,ARRANGED,SPECTRA LOGISTICS,GPC/RC/MC,Ja Ela WH,,Monthly,,,Wasantha,,❎,,,,,,,,,,,,,,,,,,,,,,,,,,,,
,ARRANGED,Upali Mills,GPC+RC,Maravila,,Monthly,Not specified,2 hrs - 02 PCT,Wasantha,,,,✅,,,,,,,,,,,,,,,,,,,,,,,,,,
,ARRANGED,Nelna Farm (Pvt) Ltd,GPC/RC/MC,Mithirigala,,Monthly,2 pm Saturday,,Wasantha,,,,,,,,,,,,,,,,,,,,,,,,,,,,,,
,ARRANGED,S.T Anthony’S Biz (Pvt) Ltd,GPC+RC,JA ELA,,Monthly,,,Wasantha,,,,,,,,,,,,,,,,,,,✅,,,,,,,,,,,
,ARRANGED,Ceylone Royal Teas (Pvt) Ltd,GPC/RC,Homagama,,Monthly,,,Wasantha,,,,,,,,,,,,,,,,,,,,,,,,,,,,,,
,TO BE ,EGX,RC,Colombo 2,,Monthly,weekday after 2 pm,1 PCT,Wasantha,,,,,,,,,,,,,,,,,,,,,,,,,,,,,,
,ARRANGED,Dinuth Ceyfood,GPC/RC/MC,Seeduuwa,,Monthly,weekday after 2 pm,,Wasantha,,,,,,,,,,,,,,,,,,,✅,,,,,,,,,,,
,ARRANGED,Barista Coffee Lanka (Pvt) Ltd,GPC/MC,Kadawatha,0703606012 (Shane),Weekly,Twice a month,,Wasantha,,,,,,,,,,,,,,✅,,,,,,,,,,,,,,,,
,ARRANGED,Ethical Extract (Pvt) Ltd,GPC+RC,Kadawata,,Monthly,,,Wasantha,,,,,,,,,,,,,,,,,✅,,,,,,,,,,,,,
,ARRANGED,D Y & D U Rajapakse (Pvt) Ltd (Henagama Mill),GPC/RC,Henegama,0787065212 (Mr Lakindu),Monthly,1st Week,,Wije,,,,,2026-05-29,✅,,,,,,,,,,,,,,,,,,,,,,,,
,ARRANGED,NDC-Export (Pvt) Ltd,GPC/RC,Pannala,0773962202 (Mr sanka),Monthly,1st week (Saturday),,Wije,,,,,,✅,,,,,,,,,,,,,,,,,,,,,,,,
,ARRANGED,NDC-Export (Pvt) Ltd,FLY,Pannala,,Monthly,3rd week (Saturday),,Wije,,,,,,✅,,,,,,,,,,,,,,,,,,,,,,,,✅
,ARRANGED,Jetwing loagoon wellness,MC,Negambo,,Fortnight,3rd week,,Wije,,,,,,,,,,,✅,,,,,,,,,,,,,,,,,,,
,ARRANGED,Dimo,MC,,0742702934 (Mr Rashika),Monthly,Sturday 2pm,,wije,,,,,,,,,✅,,,,,,,,,,,,,,,,,,,,,
,ARRANGED,Jewing Lagoon welness,RC/GPC,Negambo,0707443116 (Mr Nihal),Monthly,1st week,,wije,,,,,,,,,,,,,,,,,,,,,,,,,,,,,,
,ARRANGED,Bobbin Group,RC/MC,Mt. Lavinia,0763590982 (Dinushi),Monthly,3rd week Saturday morning,1 HRS 1 PCT,wije,,,,,,,,,,,,,,,,,,,,,,,,,,,,,,
,TO BE ,Belummahara mills,,,,Monthly,,,Wasantha,,,,,,,,,,,,,,,,,,,,,,,,,,,,,,
,ARRANGED,SUNIL TRADERS,RC,Hokandara,,,,,Janadara,,,,,,,,✅,,,,,,,,,,,,,,,,,,,,,,
,ARRANGED,Ethal Group (PVT) Ltd,RC/Ant,Kahapola,,Monthly,,,Janadara,,,,,,,,,,,,,,,,,,,,,,,,,,,,,,
,ARRANGED,Ethal Group (PVT) Ltd,MC,Kahapola,,Monthly,,,Janadara,,,,,,,,,,,,,✅,,,,,,,,,,,,,,,,,
,ARRANGED,CEWAS Rathmalana,GPC/RC/FLY/MC,Rathmalana,0754053481 (chathurani),Monthly,,,Janadara,,,,,,,,,,,,,,,,✅,,,,,,,,,,,,,,
,ARRANGED,CEWAS Rathmalana,MC,Rathmalana,0763591144 (Office),FORTNIGHTY,,,Janadara,,,,,,,,,,,,,,❎,,✅,,,,,,,,,,,,,,
,ARRANGED,Drugs Corporation,GPC/RC/MC,Nawinna,,Monthly,,,Janadara,,,,,,,,,,,,,,,,,,,,,,,,,,,,,,
,TO BE ,NDB -Nawam Mawatha,GPC/MC,,,Monthly,2 pm Sunday,,Janadara,,,,,,,,,,,,,,,,,,,,,,,,,,,,,,
,TO BE ,NDB - DHARMAPALA,GPC/MC,,,Monthly,2 pm Sunday,,Janadara,,,,,,,,,,,,,,,,,,,,,,,,,,,,,,
,TO BE ,Mr.Hussain house,GPC/RC,Abdul Caffoor,,Monthly,,,Pubudu,,,,,,,,,,,,,,,,,,,,,,,,,,,,,,
,TO BE ,Gills International - Katunayake,GPC+RC,Katunayake - (KTN),,Monthly,Sunday,3 hrs - 02 PCT,Pubudu,,,,,,,,,,,,,,,,,,,,,,,,,,,,,,
,TO BE ,Gills International - Katunayake,FLY,Katunayake - (KTN),,Monthly,Monday,1.5 hrs - 02 PCT,Pubudu,,,,,,,,,,,,,,,,,,,,,,,,,,,,,,
,ARRANGED,Kalaniya Pradeshiya sabawa,RC,Kelaniya,711775624,Monthly,,,pubudu,,,,,,,,,,,,,,,,,,,,,,,,,,,,,,
,ARRANGED,Mr.Hisham house,GPC/RC/MC,Alfred in front kollupitiya durdence,,Monthly,,,Pubudu,,,,,,✅,,,,,,,,,,,,,,,,,,,,,,,,
,ARRANGED,Heritage Teas (Pvt) Ltd,GPC (cockroch)/RC,Wellampitiya,,Monthly,,,Pubudu,,✅,,,,,,,,,,,,,,,,,,,,,,,,,,,,
,TO BE ,Asian Agro Products,GPC,Colombo - (KTN),0771080112 (Ashen),Monthly,2nd week sunday,,Saman,,,,,,,,,,,,,,,,,,,,,,,,,,,,,,
,TO BE ,Grand meitland Hotel,GPC/RC,Colombo 07,,Monthly,,,Saman,,,,,,,,,,,,,,,,,,,,,,,,,,,,,,
,TO BE ,Gills Food - Katunayake,GPC+RC,Katunayake,,Monthly,Sunday,,wasantha,,,,,,,,,,,,,,,,,,,,,,,,,,,,,,
,ARRANGED,Amagi Food,GPC/RC/MC,Ekala - (KTN),0770899800 (Nimesh),Monthly,"1st week Saturday after 12p.m ,Sunday",,Wijenayaka,,,,,,,,,,,,,,,,,,,,,,,,,,,,,,
,ARRANGED,Commercial Credit Training center,MC,piliyandala,,Monthly,Sunday,,BOSS,,✅,,,,,,,,,,,,,,,,,,,,,,,,,,,,
,ARRANGED,Maclerans HO,GPC/MC,,,Twice per month,,,Wasantha,,,,,,✅,,,,,,,,,,,,,10:00:00,✅,,,,,,,,,,
,ARRANGED,Maclerans HO,RC,,,Weekly,,,Wasantha,,,,,,✅,,,,✅,4pm rc,,,,,,,,full,✅,,,,,,4pm - out,,,,
,ARRANGED,Silver mill head office,GPC / RC,Kinsey Road - colombo,,Monthly,,,Wasantha,,,,,,,✅,,,,,,,,,,,,,✅,,,,,,,,,,
,ARRANGED,Commercial Credit ,GPC/MC,Nuwara Eliya,742564134 Padmasiri,Monthly,no,1 HRS 1 PCT,saman,,,,,,,,,,,,,,,,,,,,,,,,,,,,,,
,ARRANGED,MSC,MC,Bauddaloka mawatha,,Twice per month,,,BOSS,,,,,,✅,,,,,,,,,,,,,,,,,,,,,,,,
,ARRANGED,MSC,GPC/RC,Bauddaloka mawatha,,Monthly,,,BOSS,,,,,,,,,,,,,,,,,,,,,,,,,,,,,,
,ARRANGED,Earls Reef,GPC/RC/MC,Beruwala,,Monthly,,,Wasantha,,,,,,,,,,,,,,,,✅,,,,,,,,,,,,,,
,ARRANGED,Andrews Premium (Gills Wattala),GPC/RC,Wattala,,Monthly,,,Wasantha,,,,,,,,,,,,,,,,,,,,,✅,,,,,,,,,
,ARRANGED,Sethma Hospitals,GPC / RC,Gampaha,,Monthly,,,Suraj,,,,,,,,,,,,,,,,,✅,,,,,,,,,,,,,
,ARRANGED,Sethma Hospitals,MC,Gampaha,,Monthly,,,Suraj,,,,,,,,,,,,,,,,,✅,,,,,,,,,,,,,
,TO BE ,Ceymed Hospital,GPC/RC,Nugegoda,,Monthly,,,Pubudu,,,,,,,,,,,,,,,,,,,,,,,,,,,,,,
,TO BE ,Ceylon Haurmet,GPC/RC,Pannala,,Monthly,,,Wasantha,,,,,,,,,,,,,,,,,,,,,,,,,,,,,,
,TO BE ,Spice Land (Pvt) Ltd,GPC/RC,Athurugiriya,,Monthly,LAST FRIDAY,,rosiro,,,,,,,,,,,,,,,,,,,,,,,,,,,,,,
,TO BE ,Fort Heritage Ventures (PVT) Ltd,GPC/RC/MC,Mathara,,Monthly,,,Boss,,,,,,,,,,,,,,,,,,,,,,,,,,,,,,
,TO BE ,Gills Food - Wattala,GPC+RC,Wattala,,Monthly,Saturday,3 hrs - 02 PCT,Wasantha,,,,,,,,,,,,,,,,,,,,,,,,,,,,,,
,TO BE ,Green Vally,GPC/MC,Hanwella,,Monthly,On call,,Janadara,,,,,,,,,,,,,,,,,,,,,,,,,,,,,,
,TO BE ,Giriulla Mills Limited,,Alawwa Road,,,,,Wasantha,,,,,,,,,,,,,,,,,,,,,,,,,,,,,,
,TO BE ,Wichy beverage,GPC/RC,,,Monthly,,,Wasantha,,,,,,,,,,✅,,,,,,,,,,,,,,,,,,,,
,TO BE ,Ceymed 1 & 2,GPC/RC,Nugegoda,,Monthly,,,Pubudu,,,,,,,,,,,,,,,,,,,,,,,,,,,,,,
,,,,,,,,,,,,,,,,,,,,,,,,,,,,,,,,,,,,,,,
,,PRO PEST OPARATIONS,,,,,,,,,,,,,,,,,,,,,,,,,,,,,,,,,,,,,
,ARRANGED,Continental Teas,GPC/RC,Ja Ela,,Monthly,NO,,Wasantha,,,,,,,,,,,,✅,,,,,,,✅,,,,,,,,,,,
,ARRANGED,Tico Adra,GPC/RC,Colombo,,Monthly,1st Sunday,,Wasantha,,,,,,,✅,,,,,,,,,,,,,,,,,,,,,,,
,TO BE ,Mr. Akalanka,GPC,Maharagama,,Twice a month,Friday,,Wasantha,,,,,,,,,,✅,,,,,,,,,,,,,,,,,,,,
,TO BE ,,,,,,,,,,,,,,,,,,,,,,,,,,,,,,,,,,,,,,
,TO BE ,,,,,,,,,,,,,,,,,,,,,,,,,,,,,,,,,,,,,,
,TO BE ,,,,,,,,,,,,,,,,,,,,,,,,,,,,,,,,,,,,,,
,,,,,,,,,,,,,,,,,,,,,,,,,,,,,,,,,,,,,,,
,02 .,WEEKLEY TREATMENTS,,,,,,,,,,,,,,,,,,,,,,,,,,,,,,,,,,,,,
,,,,,,,,,,,,,,,,,,,,,,,,,,,,,,,,,,,,,,,
,ARRANGED,Food Studio (Pvt) Ltd,GPC,Airport - (KTN),,Weekly,Wedsday,,pubudu,KTN,KTN,KTN,KTN,KTN,KTN,KTN,KTN,KTN,KTN,KTN,KTN,KTN,KTN,KTN,KTN,KTN,KTN,KTN,KTN,KTN,KTN,KTN,KTN,KTN,KTN,KTN,KTN,KTN,KTN
,ARRANGED, Interocean logistics ltd - RDS Wattala house,GPC/RC/MC,Wattala,,Fortnightly,Friday,,BOSS,,,,,❎,,,,,,,✅,,,,,,,✅,,,,,,,,,,,
,ARRANGED, Interocean logistics ltd - RDS Wattala house,MC,Wattala,,Weekly,,,BOSS,,,,,❎,,,,,,,✅,,,,,,,✅,,,,,,,,,,,
,ARRANGED, Interocean services ltd - 2 WH's,GPC/RC,Wattala,,Fortnightly,,,BOSS,,,,,❎,,,,,,,✅,,,,,,,✅,,,,,,,,,,,
,ARRANGED, Interocean logistics ltd - RDS camebridge house,GPC/RC,Colombo,,Fortnightly,Sunday,,BOSS,,,,,,,✅,,,,,,,✅,,,,,,,,,,,,,,,,
,ARRANGED, Interocean logistics ltd - RDS camebridge house,MC,Colombo,,Weekly,,,BOSS,,,✅,,,,✅,,,✅,,,,✅,,,✅,,,,,,,,,,,,,
,ARRANGED,Aliya Pub,GPC/RC,Colombo,,Weekly,SUNDAY,,Pubudu,,,,,,,✅,,,,,,,❎,,,,,,,✅,,,,,,,,,
,ARRANGED,British Pub,GPC/RC,Colombo,,Weekly,SUNDAY,,Pubudu,,,,,,,✅,,,,,,,✅,,,,,,,✅,,,,,,,,,
,ARRANGED,French International School 01.,MC,Park Road - Kirulapana,,Twice a month, Friday 3.00 Pm,,Pubudu,,,,,,,,,,,,,,✅,,,,,,,,,,,,,,,,
,ARRANGED,French International School 02.,MC,Park Road - Kirulapana,,Twice a month, Friday 3.00 Pm,,Pubudu,,,,,,,,,,,,,,✅,,,,,,,,,,,,,,,,
,ARRANGED,L R H,RC/RCV,,,,,,Janadara,,,❎,,,,,,❎,,,,,❎,,✅,,,,,,,❎,,,,,,,
,ARRANGED,CWIT,GPC/RC/MC,Port,773936479,Twice a month,,,Pubudu,,,,,,,,,,,✅,fly,,✅,,,,,,,,,,,,,,,,
,TO BE ,Mclarens Automotive (Pvt.) Ltd,MC,Wattala,,Weekly,,,BOSS,,,,,,,,,,,,,,,,,,,,,,,,,,,,,,
,TO BE ,Mclarens Automotive (Pvt.) Ltd,GPC/RC/MC,Wattala,,Fortnightly,,,BOSS,,,,,,,,,,,,,,,,,,,,,,,,,,,,,,
,TO BE ,LOC/LOIT,,,,,,,Janadara,,,,,,,,,,,,,,,,,,,,,,,,,,,,,,
,TO BE ,International Commodity Exports (Pvt) Ltd,,Alawwa Road,,,,,wasantha,,,,,,,,,,,,,,,,,,,,,,,,,,,,,,
,TO BE ,International Commodity Exports (Pvt) Ltd,,Lolowagoda Mills,,,,,wasantha,,,,,,,,,,,,,,,,,,,,,,,,,,,,,,
,TO BE ,Methodist Cherch,RC/MC,Mount Lavania,,Weekly,,,Aravindan,,,,,,,,,,,,,,,,,,,,,,,,,,,,,,
,TO BE ,Mirigama Dendro Power (Pvt) Ltd,,,,,,,wasantha,,,,,,,,,,,,,,,,,,,,,,,,,,,,,,
,TO BE ,Mclarens Maritime Academy,GP/RC/MC,Kandy,,Daily,,,kanakasaba,,,,,,,,,,,,,,,,,,,,,,,,,,,,,,
,TO BE ,Airport & Aviation Services,GPC,Katunayake,,Daily,Daily,,pubudu,,,,,,,,,,,,,,,,,,,,,,,,,,,,,,
,TO BE ,NDB - Pettah,RC,Pettah,,Weekly,,,Janadara,,,,,,,,,,,,,,,,,,,,,,,,,,,,,,
,,,,,,,,,,,,,,,,,,,,,,,,,,,,,,,,,,,,,,,
,,NNDB HQ - MAIN BRANCHES ,,,,,,,,,,,,,,,,,,,,,,,,,,,,,,,,,,,,,
,TO BE ,NDB main branch 01,GPC/RC,Malabe DR,,Monthly,,,Janadara,,,,,,,,,,,,,,,,,,,,,,,,,,,,,,
,TO BE ,NDB main branch 02,GPC/RC,Marine drive,,Monthly,,,Janadara,,,,,,,,,,,,,,,,,,,,,✅,,,,,,,,,
,TO BE ,NDB main branch 03,GPC/RC,Recovery,,Monthly,,,Janadara,,,,,,,,,,,,,,,,,,,,,,,,,,,,,,
,TO BE ,NDB main branch 04,GPC/RC,Colombo 06 - (Narahenpita),,Monthly,,,Janadara,,,,,,,,,,,,,,,,,,,,,,,,,,,,,,
,TO BE ,NDB main branch 05,GPC/RC,Vauxhall,,Monthly,,,Janadara,,,,,,,,,,,,,,,,,,,,,✅,,,,,,,,,
,TO BE ,NDB main branch 06,GPC/RC,Pettah,,Monthly,,,Janadara,,,,,,,,,,,,,,,,,,,,,✅,,,,,,,,,
,,,,,,,,,,,,,,,,,,,,,,,,,,,,,,,,,,,,,,,
,ARRANGED,NDB -Nawam Mawatha,MC,HQ,,Fortnightly,Twice a month(MC)   2 pm Sunday,,Janadara,,,,,,,✅,,,,,,,✅,,,,,,,✅,,,,,,,,,
,ARRANGED,NDB - Darmapala Mawatha,MC,HQ,,Weekly,Twice a month(MC)   2 pm Sunday,,Janadara,,,,,,,✅,,,,,,,✅,,,,,,,✅,,,,,,,,,
,ARRANGED,NDB -Nawam Mawatha,GPC/RC/MC,HQ,,Fortnightly,Twice a month(MC)   2 pm Sunday,,Janadara,,,,,,,✅,,,,,,,,,,,,,,✅,,,,,,,,,
,ARRANGED,NDB - Darmapala Mawatha,GPC/RC/MC,HQ,,Weekly,Twice a month(MC)   2 pm Sunday,,Janadara,,,,,,,✅,,,,,,,,,,,,,,✅,,,,,,,,,
,,,,,,,,,,,,,,,,,,,,,,,,,,,,,,,,,,,,,,,
,,,,,,,,,,,,,,,,,,,,,,,,,,,,,,,,,,,,,,,
,,,,,,,,,,,,,,,,,,,,,,,,,,,,,,,,,,,,,,,
,,,,,,,,,,,,,,,,,,,,,,,,,,,,,,,,,,,,,,,
,,,,,,,,,,,,,,,,,,,,,,,,,,,,,,,,,,,,,,,
,,PRO PEST OPARATIONS,,,,,,,,,,,,,,,,,,,,,,,,,,,,,,,,,,,,,
,TO BE ,Continental Food,GPC/ RC ,Peliyagoda,,Monthly,1st Wednesday,,wasantha,,,✅,,,,,,,,,,,,,,,,,,,,,,,,,,,
,TO BE ,Continental Food,FLY,Peliyagoda,,,"2nd, 3rd, 4th wednesday",,wasantha,,,✅,,,,,,,✅,,,,,,,  ,,,,,,,,,,,,,
,TO BE ,,,,,,,,,,,,,,,,,,,,,,,,,,,,,,,,,,,,,,
,TO BE ,,,,,,,,,,,,,,,,,,,,,,,,,,,,,,,,,,,,,,
,TO BE ,,,,,,,,,,,,,,,,,,,,,,,,,,,,,,,,,,,,,,
,TO BE ,,,,,,,,,,,,,,,,,,,,,,,,,,,,,,,,,,,,,,
,TO BE ,,,,,,,,,,,,,,,,,,,,,,,,,,,,,,,,,,,,,,
,TO BE ,,,,,,,,,,,,,,,,,,,,,,,,,,,,,,,,,,,,,,
,TO BE ,,,,,,,,,,,,,,,,,,,,,,,,,,,,,,,,,,,,,,
,,,,,,,,,,,,,,,,,,,,,,,,,,,,,,,,,,,,,,,
,03 .,DAILY OPARATIONS,,,,,,,,,,,,,,,,,,,,,,,,,,,,,,,,,,,,,
,,,,,,,,,,,,,,,,,,,,,,,,,,,,,,,,,,,,,,,
,ARRANGED,Finagle ,GPC+RC,Ja Ela,,Daily,,,wasantha,KTN,KTN,KTN,KTN,KTN,KTN,KTN,KTN,KTN,KTN,KTN,KTN,KTN,KTN,KTN,KTN,KTN,KTN,KTN,KTN,KTN,KTN,KTN,KTN,KTN,KTN,KTN,KTN,KTN,KTN
,ARRANGED,Serandib Flour Mills - Colombo Port,RCV,Port,,Daily,,,nuwantha,✅,✅,✅,✅,✅,✅,,✅,✅,✅,✅,✅,✅,,✅,✅,✅,✅,✅,✅,,,,,,,,,,
,ARRANGED,Serandib Flour Mills - Head office,,,,,,,nuwantha,✅,,✅,,✅,,,✅,,✅,,✅,,,✅,,✅,,✅,,,,,,,,,,,
,ARRANGED,Jayawardenapura Hospital,,,,,,,Janadara,✅,,✅,,✅,✅,,✅,,✅,,✅,✅,,✅,,,,,,,,,,,,,,,
,TO BE ,Salon EVO,RC,Maharagama,,Weekly,,,Janadara,,,,,,,,,,,,,,,,,,,,,,,,,,,,,,
,TO BE ,Soul Beach,GPC/RC,Dehiwala,,Weekly,,,Saman,,,,,,,,,,,,,,,,,,,,,,,,,,,,,,
,TO BE ,S A Silva And Sons (Pvt) Ltd,,,,,,,Wasantha,,,,,,,,,,,,,,,,,,,,,,,,,,,,,,
,TO BE ,Silvermill Nutural Beverages (PVT) Ltd,GPC/RC,Alawwa Road,,,,,Wasantha,,,,,,,,,,,,,,,,,,,,,,,,,,,,,,
,ARRANGED,Silvermill Nutural Beverages (PVT) Ltd,GPC/RC,Loluwagoda WH (Kandalama ),,,,,Wasantha,,,,✅,TERMITE,,,,,,,,,,,,,,,,,,,,,,,,,
,TO BE ,Silvermill Nutural Beverages (PVT) Ltd,GPC/RC,Loluwagoda Mills,,,,,Wasantha,,,,,,,,,,,,,,,,,,,,,,,,,,,,,,
,TO BE ,Vallible Finance - 28 branches,GPC,,,once in 2 months,,,janadara,,,,,,,,,,,,,,,,,,,,,,,,,,,,,,
,TO BE ,Motherson Head Office,MC,,,,,,pubudu,,,,,,,,,,,,,,,,,,,,,,,,,,,,,,
,TO BE ,Bio Extract (Pvt) Ltd ,GPC,Rathmalana,,,,,,,,,,,,,,,,,,,,,,,,,,,,,,,,,,,
,TO BE ,Bio Extract (Pvt) Ltd-Baraka-OGF,GPC,OGF,,,,,,,,,,,,,,,,,,,,,,,,,,,,,,,,,,,
,TO BE ,Flemingo Retail & Hospitality Services (Pvt) Ltd,GPC,Airport,,,,,pubudu,,,,,,,,,,,,,,,,,,,,,,,,,,,,,,
,TO BE ,INTERNATIONAL LIFESTYLE BRANDS (PVT) LTD,GPC,Airport,,,,,pubudu,,,,,,,,,,,,,,,,,,,,,,,,,,,,,,
,TO BE ,River Arc,MC/FC,Panadura,,,,,wije,,,,,,,,,,,,,,,,,,,,,,,,,,,,,,
,TO BE ,Com Bank - Avissawella,RC,Avissawella,,Once in Two Month,,,Janadara,,,,,,,,,,,,,,,,,,,,,,,,,,,,,,
,TO BE ,Com Bank - Katunayake,GPC/MC,Katunayake,,Once in Two Month,,,Janadara,,,,,,,,,,,,,,,,,,,,,,,,,,,,,,
,TO BE ,Com Bank - Padukka,RC,Padukka,,Once in Two Month,,,Janadara,,,,,,,,,,,,,,,,,,,,,,,,,,,,,,
,TO BE ,Commercial Credit ,GPC/RC/MC,Pliyandala,,Daily,,,boss,,,,,,,,,,,,,,,,,,,,,,,,,,,,,,
,TO BE ,NDB Pilimathalawa,RC/Cock/Ants/MC,,,,,,Janadara,,,,,,,,,,,,,,,,,,,,,,,,,,,,,,
,TO BE ,NDB Narammala,RC/Cock/Ants,,,,,,Janadara,,,,,,,,,,,,,,,,,,,,,,,,,,,,,,
,TO BE ,NDB Southern Region Office-Mathara,RC/Cock,,,,,,Janadara,,,,,,,,,,,,,,,,,,,,,,,,,,,,,,
,TO BE ,NDB Katugasthota-,RC/Fly/Ant/MC,,,,,,Janadara,,,,,,,,,,,,,,,,,,,,,,,,,,,,,,
,TO BE ,NDB Athurugiriya,RC/fly/Ant/Mc/TC,,,,,,Janadara,,,,,,,,,,,,,,,,,,,,,,,,,,,,,,
,TO BE ,NDB Kekirawa,RC/Cock/Ants/MC,,,,,,Janadara,,,,,,,,,,,,,,,,,,,,,,,,,,,,,,
,TO BE ,NDB Kollupitiya,MC,,,,,,Janadara,,,,,,,,,,,,,,,,,,,,,,,,,,,,,,
,TO BE ,Ethical Extract ,ANT,,,,,,Janadara,,,,,,,,,,,,,,,,,,,,,,,,,,,,,,
,TO BE ,NDB Panadura ,MC/RC,,,,,,Janadara,,,,,,,,,,,,,,,,,,,,,,,,,,,,,,
,ARRANGED,NDB - Maharagama,RC/MC,,,,,,Janadara,,,,,,,,,,,,,,,,❎,✅,,,,,,,,,,,,,
,TO BE ,NDB Havelock,,,,,,,Janadara,,,,,,,,,,,,,,,,,,,,,,,,,,,,,,
,TO BE ,NDB-Hawlock town,,Hawalock Town,,,,,Janadara,,,,,,,,,,,,,,,,,,,,,,,,,,,,,,
,TO BE ,Jayawardenapura Hospital,,,,,,,Janadara,,,,,,,,,,,,,,,,,,,,,,,,,,,,,,
,TO BE ,Nation Printing R/C,,,,,,,Janadara,,,,,,,,,,,,,,,,,,,,,,,,,,,,,,
,TO BE ,Kanvill Grand Hotel ,RC,,,,,,Janadara,,,,,,,,,,,,,,,,,,,,,,,,,,,,,,
,TO BE ,Thamara Athukorala,RC /RCV,Pitakotte,,Weekly,4 times,,Janadara,,,,,,,,,,,,,,,,,,,,,,,,,,,,,,
,TO BE ,Ceylon Royal Tea,,,,,,,wasatha,,,,,,,,,,,,,,,,,,,,,,,,,,,,,,
,,,,,,,,,,,,,,,,,,,,,,,,,,,,,,,,,,,,,,,
,,PRO PEST OPARATIONS,,,,,,,,,,,,,,,,,,,,,,,,,,,,,,,,,,,,,
,,,,,,,,,,,,,,,,,,,,,,,,,,,,,,,,,,,,,,,
,,,,,,,,,,,,,,,,,,,,,,,,,,,,,,,,,,,,,,,
,,,,,,,,,,,,,,,,,,,,,,,,,,,,,,,,,,,,,,,
,,,,,,,,,,,,,,,,,,,,,,,,,,,,,,,,,,,,,,,
,,,,,,,,,,,,,,,,,,,,,,,,,,,,,,,,,,,,,,,
,,,,,,,,,,,,,,,,,,,,,,,,,,,,,,,,,,,,,,,
,,,,,,,,,,,,,,,,,,,,,,,,,,,,,,,,,,,,,,,
,,,,,,,,,,,,,,,,,,,,,,,,,,,,,,,,,,,,,,,
,,,,,,,,,,,,,,,,,,,,,,,,,,,,,,,,,,,,,,,
,,,,,,,,,,,,,,,,,,,,,,,,,,,,,,,,,,,,,,,
,,,,,,,,,,,,,,,,,,,,,,,,,,,,,,,,,,,,,,,
,,,,,,,,,,,,,,,,,,,,,,,,,,,,,,,,,,,,,,,
, 04 .,ON REQUEST,,,,,,,,,,,,,,,,,,,,,,,,,,,,,,,,,,,,,
,,,,,,,,,,,,,,,,,,,,,,,,,,,,,,,,,,,,,,,
,ARRANGED,GIZ - VCSL,GPC / MC,Torinton ,,once in 2 months,,,janadara,,,,,,,,,,,,,,,,,,,,,,,,,,,,,,
,TO BE ,Sri Lanka Port Autority,,,,,,,janadara,,,,,,,,,,,,,,,,,,,,,,,,,,,,,,
,TO BE ,Ceylon Essence / Rasarco,GPC,Dehiwala,,Once in Two Month,Friday,,janadara,,,,,,,,,,,,,,,,,,,,,,,,,,,,,,
,ARRANGED,NHSL WARD 55 BED BUG CL BACK,GPC,,,,,,,,✅,,,,,,,,,,,,,,,,,,,,,,,,,,,,
,ARRANGED,Motherson stack fumigation,,,,,,,,,✅,,,,,✅,,,,,✅,,,✅,,,,,,,,,,,,,,,
,ARRANGED,PRESIDENTIAL SECRETARIAT OFFICE,PH3,,,,,,,,,,✅,,,,,,,,,,,,,,,,,,,,,,,,,,
,ARRANGED,LOLC - CHAIRMAN HEAD OFFICE,GPC / RC,Rajagiriya,,,,,,,,,,,✅,,,,,,,,,,,,,,,,,,,,,,,,
,ARRANGED,Heritage Teas (Pvt) Ltd,SP,,,,,,,,,,,,✅,,,,,,,,,,,,,,,,,,,,,,,,
,ARRANGED,M K D G Malinga,dry wood termite,,,,,,,,,,,,,,,,,,,✅,,,,,,,,,,,,,,,,,
,ARRANGED,MD bangalow commercial bank,MC ,,,,,,,,,,,,,,,,,,,,,,,,16:00:00,✅,,,,,,,,,,,
,ARRANGED,Antler fabric ,GPC / RC,"Madapatha, piliyandala",,,,,,,,,,,,,,,,,,,,,,,15:00:00,❎,,,,,,,,,,,
,ARRANGED,pettah bus stand ,TC,PETTAH,,,,,,,,,,,,,,,,,,,,,,,✅,,,,,,,,,,,,
,ARRANGED,mr shamal - macocean,gpc rc mc,rajagiriya,,,,,,,,,,,,,,,,,,,,,✅,,,,,,,,,,,,,,
,,,,,,,,,,,,,,,,,,,,,,,,,,,,,,,,,,,,,,,
,,,,,,,,,,,,,,,,,,,,,,,,,,,,,,,,,,,,,,,
,,,,,,,,,,,,,,,,,,,,,,,,,,,,,,,,,,,,,,,
,,,,,,,,,,,,,,,,,,,,,,,,,,,,,,,,,,,,,,,
,,PRO PEST OPARATION,,,,,,,,,,,,,,,,,,,,,,,,,,,,,,,,,,,,,
,TO BE ,Maliban,,,,,,,,,,,,,,,,,,,,,,,,,,,,,,,,,,,,,
,ARRANGED,Mr JK Fenendo (Pro Pest Job),,,,,,,wasantha,,,,,,,,,,,,,,,,,,,✅,,,,,,,,,,,
,TO BE ,,,,,,,,,,,,,,,,,,,,,,,,,,,,,,,,,,,,,,
,TO BE ,,,,,,,,,,,,,,,,,,,,,,,,,,,,,,,,,,,,,,
,TO BE ,,,,,,,,,,,,,,,,,,,,,,,,,,,,,,,,,,,,,,
,TO BE ,,,,,,,,,,,,,,,,,,,,,,,,,,,,,,,,,,,,,,
,TO BE ,,,,,,,,,,,,,,,,,,,,,,,,,,,,,,,,,,,,,,
,,,,,,,,,,,,,,,,,,,,,,,,,,,,,,,,,,,,,,,
,05 .,DROPED,,,,,,,,,,,,,,,,,,,,,,,,,,,,,,,,,,,,,
,,,,,,,,,,,,,,,,,,,,,,,,,,,,,,,,,,,,,,,
,,,,,,,,,,,,,,,,,,,,,,,,,,,,,,,,,,,,,,,
,TO BE ,Mr Kanchana Wijesekara,GPC/MC/RC,Mathara,0777213817 (Mr Nuwan),Monthly,2nd week,,Wijee,,,,,,,,,,,,,,,,,,,,,,,,,,,,,,
,FINISHED,SRI LANKA CRICKET,RC,,,8 trt per month,,,Janadara,,,,,,,,,,,,,,,,,,,,,,,,,,,,,,
,FINISHED,GOlf Club Nuwara Eliya,GPC/RC,Nuwara Eliya,,Once in 2 monrhs,,,Wasantha,,,,,,,,,,,,,,,,,,,,,,,,,,,,,,
,FINISHED,CICT,RC/CICT,Port,,Weekly,Friday,,Wasantha,,,,,,,,,,,,,,,,,,,,,,,,,,,,,,
,FINISHED,Apeksha Hospital,RC,Maharagama,,Monthly,,,,,,,,,,,,,,,,,,,,,,,,,,,,,,,,,
,,,,,,,,,,,,,,,,,,,,,,,,,,,,,,,,,,,,,,,
GPC/RC,TO BE ,Kandetiya Agro Products Pvt Ltd,,Pannala,,Monthly,Tuesday,,wasantha,,,,,,,,,,,,,,,,,,,,,,,,,,,,,,
,CLIENT,ARRANGED,,TREATMENT,LOCATION,CONTACT NUMBER,FREQUENCY,Prefer Day,Duration and PCT ,SALESMAN,,WED,THU,FRI,SAT,SUN,MON,TUE,WED,THU,FRI,SAT,SUN,MON,TUE,WED,THU,FRI,SAT,SUN,MON,TUE,WED,THU,FRI,SAT,SUN,MON,TUE,WED,THU,FRI
,,TO BE ,,,,,,,,,,1,2,3,4,5,6,7,8,9,10,11,12,13,14,15,16,17,18,19,20,21,22,23,24,25,26,27,28,29,30,31
01 .,MANULAS- MONTHLEY TREATMENTS,CONFIRMATION,DATE,,,,,,,,,,,,,,,,,,,,,,,,,,,,,,,,,,,,,,,
1,AMAGI FOODS PVT LTD,DONE,16,GPC/RC/FLY/MC,KATUNAYAKA,0770899800 (SHIVANTHI),MONTHLY,,,,,,,,,,,,,,,,,,,,,,,,,,,,,,,,,,,
2,ASIAN AGRO PRODUCTS,DONE,5,GPC,KATUNAYAKA,,,,,,,,,,,✅,,,,,,,,,,,,,,,,,,,,,,,,,,
3,ANTHLER GROUP,DONE,18,GPC,PILIYANDALA,,Monthly,,,Janadara,,,,,,,,,,,,,,,,,,,,,,,,,,,,,,,,
4,BELUMMAHARA MILLS,DONE,18,GPC,BELUMMAHARA,,Monthly,,,Wijenayaka,,,,,,,,,,,,,,,,,,,,,,,,,,,,,,,,
5,C E W A S (TANDEM SPEED),DONE,8,GPC/MC,RATHMALANA,0763591144 (Office),FORTNIGHTY,,,Janadara,,,,,,,,,,,,,,,,,,,,,,,,,,,,,,,,
6,C E W A S (TANDEM SPEED),DONE,11,MC,RATHMALANA,0763591144 (Office),FORTNIGHTY,,,Janadara,,,,,,,,,,,,,,,,,,,,,,,,,,,,,,,,
7,CEYLON ROYAL TEAS (Pvt) LTD,DONE,"20,21",GPC/MC,HOMAGAMA,0769955071 (SHRIMALEE),Monthly,,,,,,,,,,,,,,,,,,,,,,,,,,,,,,,,,,,
8,DINUTH CEYFOOD,DONE,14,GPC/RC/MC,JA ELA,0771054372 (Maheesha),Monthly,weekday after 2 pm,,Wasantha,,,,,,,,,,,,,,,,,,,,,,,,,,,,,,,,
9,DIMO,DONE,15,MC,PELIYAGODA,0742702934 (Mr Rashika),Monthly,Sturday 2pm,,Wijenayaka,,,,,,,,,,,,,,,,,,,,,,,,,,,,,,,,
10,DRUGS COPARATION (SL AYURVEDIC),DONE,17,GPC/RC/MC,NAWINNA,,Monthly,week day 10 am,,Janadara,,,,,,,,,,,X,,,,,,,,,,,,,,,,,,,,,
11,EARL REEF HOTEL,DONE,6,GPC/RC/MC,BERUWALA,,,,,,,,,,,,,,,,,,,,,,,,,,,,,,,,,,,,,
12,ETHAL GROUP (PVT) LTD,DONE,4,MC,KAHAPOLA,0777254763 (PAWANI ),Monthly,SATURDAY,,Janadara,,,,,,,,,,,,,,,,,,,,,,,,,,,,,,,,
14,GILLS INTERNATIONAL,DONE,5,GPC+RC,KATUNAYAKA - BY KTN,0784249433 (Hasitha),Monthly,Sunday,3 hrs - 02 PCT,Pubudu,,,,,,✅,,,,,,,,,,,,,,,,,,,,,,,,,,
15,GILLS INTERNATIONAL,DONE,19,FLY,KATUNAYAKA - BY KTN,0784249433 (Hasitha),Monthly,Monday,1.5 hrs - 02 PCT,Pubudu,,,,,,,,,,,,,,,,,,,,,,,,,,,,,,,,
16,GILLS FOOD ,DONE,19,GPC+RC,KATUNAYAKE,0754322589 (DILSHANI),,,,,,,,,,,,,,,,,,,,,,,,,,,,,,,,,,,,
17,GREEN VALEY APRTMENT,DONE,2,GPC/MC,HANWELLA,,,,,,,,,,,,,,,,,,,,,,,,,,,,,,,,,,,,,
18,HERITAGE TEAS (PVT) LTD,DONE,17,RC,WELLAMPITIYA,0774133501 (Amal),Monthly,FRIDAY,,Pubudu,,,,,,,,,,,,,,,,,,,,,,,,,,,,,,,,
19,HERITAGE TEAS (PVT) LTD,DONE,26,GPC (COCKROACH),WELLAMPITIYA,,,,,,,,,,,,,,,,,,,,,,,,,,,,,,,,,,,,,
20,JETWING LAGOON WELLNESS,DONE,6,RC/GPC/MC,NEGAMBO,0707443116 (Mr Nihal),Monthly,1st week,,Wijenayaka,,,,,,,✅,,,,,,,,,,,,,,,,,,,,,,,,,
21,LOLC TECHNOLOGIES (LOIT),DONE,11,,RAJAGIRIYA,,Monthly,,,JANADARA,,,,,,,,,,,,,,,,,,,,,,,,,,,,,,,,
22,NDB- MAIN BRANCH - 01,DONE,"14 , 15",GPC/RC,MALAMBE DR,,Monthly,weekday night,,,,,,,,,,,,,,,,,,,,,,,,,,,,,,,,,,
23,NDB - MAIN BRANCH - 02,DONE,12,GPC/RC,MARINE DRIVE,,Monthly,,,Janadara,,,,,,,,,,,,,,,,,,,,,,,,,,,,,,,,
24,NDB - MAIN BRANCH - 03,DONE,13,GPC/RC,GREEN LANKA,,Monthly,,,Janadara,,,,,,,,,,,,,,,,,,,,,,,,,,,,,,,,
25,NDB - MAIN BRANCH - 04,DONE,14,GPC/RC,NARAHENPITA,,Monthly,weekday,,Janadara,,,,,,,,,,,,,,,,,,,,,,,,,,,,,,,,
26,NDB - MAIN BRANCH - 05,DONE,12,GPC/RC,VAUXHALL STREET,,Monthly,,,Janadara,,,,,,,,,,,,,,,,,,,,,,,,,,,,,,,,
27,NDB - MAIN BRANCH - 06,DONE,12,GPC/RC,PETTAH,,Monthly,,,Janadara,,,,,,,,,,,,,,,,,,,,,,,,,,,,,,,,
28,NDB - NAWAM MAWATHA,DONE,12,GPC/MC/ RC,NAWAM MAWATHA,,Monthly,2 pm Sunday,,Janadara,,,,,,,,,,,,,,,,,,,,,,,,,,,,,,,,
29,NDB - DARMAPALA MAWATHA,DONE,12,GPC/MC/ RC,DARMPALA MAWATHA,,,,,,,,,,,,,,,,,,,,,,,,,,,,,,,,,,,,,
30,S.T ANTHONY’S BIZ (Pvt) LTD,DONE,14,GPC+RC,JA ELA,0715165030 (HIMASHA),Monthly,,,Wasantha,,,,,,,,,,,,,,,,,,,,,,,,,,,,,,,,
31,NDC - EXPORTS (Pvt) LTD,DONE,18,FLY,PANNALA,,,3rd week (saturday),,,,,,,,,,,,,,,,,,,,,,,,,,,,,,,,,,
32,NDC - EXPORTS (Pvt) LTD,DONE,4,GPC/RC,PANNALA,0773962202 (Mr sanka),Monthly,1st week (Saturday),,Wijenayaka,,,,,✅,,,,,,,,,,,,,,,,,,,,,,,,,,,
33,SERENDIB LOUNGE (SL AIRLINE),DONE,1,COCKROACH ,AIRPORT,,Monthly,,,Pubudu,,✅,,,,,,,,,,,,,,,,,,,,,,,,,,,,,,
34,SPECTRA LOGISTICS,DONE,8,GPC/RC/MC,DC,,Monthly,,,Wasantha,,,,,,,,,✅,,,,,,,,,,,,,,,,,,,,,,,
35,SPECTRA LOGISTICS,DONE,8,GPC/RC/MC,DEPOT,,Monthly,,,Wasantha,,,,,,,,,✅,,,,,,,,,,,,,,,,,,,,,,,
36,SPECTRA LOGISTICS,DONE,2,GPC/RC/MC,WATTALA,,Monthly,,,Wasantha,,,✅,,,,,,,,,,,,,,,,,,,,,,,,,,,,,
37,SPECTRA LOGISTICS,DONE,2,GPC/RC/MC,SAPUGASKANDA,,Monthly,,,Wasantha,,,✅,,,,,,,,,,,,,,,,,,,,,,,,,,,,,
38,SPECTRA LOGISTICS,DONE,2,GPC/RC,NITTABUWA,,Monthly,,,Wasantha,,,✅,,,,,,,,,,,,,,,,,,,,,,,,,,,,,
39,SPECTRA LOGISTICS,DONE,2,GPC/RC/MC,JA ELA ( WH ),,Monthly,,,Wasantha,,,✅,,,,,,,,,,,,,,,,,,,,,,,,,,,,,
40,WICHY BEVERAGE,DONE,6,GPC/RC,SEETHAWAKAPURA,,Monthly,,,Wasantha,,,,,,,✅,,,,,,,,,,,,,,,,,,,,,,,,,
41,SUNIL TRADERS,DONE,4,RC,HOKANDARA,,Monthly,,,Janadara,,,,,✅,,,,,,,,,,,,,,,,,,,,,,,,,,,
42,GILLS WATTALA (ANDREWS PREIMIUM),DONE,26,GPC/RC,WATTALA,0754322589 (DILSHANI),Monthly,,,WASANTHA,,,,,,,,,,,,,,,,,,,,,,,,,,,,,,,,
43,OLEENA NATURAL FOODS,DONE,"23,24",GPC/RC/MC ( ANT ),DIVLAPITIYA,,Monthly,,,DILHAN,,,,,,,✅,,,,,,,,,,,,,,,,,,,,,,,,,
44,FORT HERITAGE VENTURES (HOTEL),DONE,"9 , 24",GPC/MC/RC,MATARA,0777213817 (Mr Nuwan),Monthly,,,Wijee,,,,,,,,,,RC ✅,,,,,,,,,,,,,,,,,,,,,,
45,FORT HERITAGE VENTURES (RESIDENCE),DONE,"9 ,  24",GPC/MC/RC,MATARA,077213817 (Mr Nuwan),Monthly,,,Wijee,,,,,,,,,,RC ✅,,,,,,,,,,,,,,,,,,,,,,
46,CEYLON ROYAL TEAS (Pvt) LTD,DONE,"20 , 21",GPC/RC,HOMAGAMA,0769955071 (SHRIMALEE),Monthly,,,Wasantha,,,,,,,,,,,,,,,,,,,,,,,,,,,,,,,,
47,BOBING GROUP (APPAREL),DONE,25,GPC/RC/MC,MT LAVINIA,0763590982 (Dinushi),Monthly,,,Wijenayaka,,,,,,,,,,,,,,,,,,,,,,,,,,,,,,,,
48,ETHICAL EXTRACT (Pvt) LTD,DONE,21,GPC+RC,KADAWATHA,0716402663 (RANDIKA),Monthly,,,Wasantha,,,,,,,,,,,,,,,,,,,,,,,,,,,,,,,,
49,FLEMINGO RETAIL HOSPITALITY,TO BE,,GPC,BANDARANAYAKE AIRPORT,,Monthly,,,,,,,,,,,,,,,,,,,,,,,,,,,,,,,,,,,
50,SETHMA HOSPITAL,DONE,31,GPC/RC/MC,GAMPAHA,718623720 (krishantha),Monthly,,,Suraj,,,,,,,,,,,,,,,,,,,,,,,,,,,,,,,,
51,SETHMA HOSPITAL,TO BE,,MC,GAMPAHA,,Fortnightly,,,,,,,,,,,,,,,,,,,,,,,,,,,,,,,,,,,
52,E. L. S CONSTRUCTION,DONE,28,GPC/RC,KATUWAWELA,0713281422 (NIRMAL),Monthly,,,,,,,,,,,,,,,,,,,,,,,,,,,,,,,,,,,
53,JETWING LAGOON WELLNESS,ARRANGED,31,MC,NEGAMBO,,Fortnight,3rd week,,Wijenayaka,,,,,,,,,,,,,,,,,,,,,,,,,,,,,,,,
54,NELNA FARM (Pvt) LTD,ARRANGED,25,GPC/RC/MC,MITHIRIGALA,,Monthly,2 pm Saturday,,Wasantha,,,,,,,,,,,,,,,,,,,,,,,,,,,,,,,,
55,BARISTA COFFEE LANKA (Pvt) LTD,TO BE,,GPC/,KADAWATHA,0703606012 (Shane),Fortnightly,,,Pubudu,,,,,,,,,,,,,,,,,,,,,,,,,,,,,,,,
56,LRH (LADY RICH WAY),DONE,2026-06-28,RC/RCV,BORELLA,,,,,,,,,,,,,,,,,,,,,,,,,,,,,,,,,,,,,
57,SILVER MILL HEAD OFFICE,TO BE,,GPC/RC,COLOMBO,,,,,,,,,,,,,,,,,,,,,,,,,,,,,,,,,,,,,
58,GIZ,TO BE,,,,,,,,Janadara,,,,,,,,,,,,,,,,,,,,,,,,,,,,,,,,
59,KELANIYA PRADESHIYA SABHA,TO BE,,RC,KELANIYA,711775624,Monthly,,,pubudu,,,,,,,,,,,,,,,,,,,,,,,,,,,,,,,,
60,UPALI MILLS ,TO BE,,GPC+RC,MARAVILA,,Monthly,Not specified,2 hrs - 02 PCT,Wasantha,,,,,,,,,,,,,,,,,,,,,,,,,,,,,,,,
,,,,,,,,,,,,,,,,,,,,,,,,,,,,,,,,,,,,,,,,,,
02,PRO PEST OPARATIONS - MONTHLY,,DATE,,,,,,,,,,,,,,,,,,,,,,,,,,,,,,,,,,,,,,,
1,CONTINENTAL TEAS,DONE,27,GPC/RC,JA ELA,CHAMAL,Monthly,NO,,Wasantha,,,,,,,,,,,,,,,,,,,,,,,,,,,,,,,,
2,MR AKALANKA,DONE,5,GPC/RC,COLOMBO,,Monthly,1st Sunday,,Wasantha,,,,,,✅,,,,,,,,,,,,,,,,,,,,,,,,,,
3,TICO ADRA,DONE,3,GPC,MAHARAGAMA,,Fortnightly,Friday,,Wasantha,,,,✅,,,,,,,,,,,,,,,,,,,,,,,,,,,,
,,,,,,,,,,,,,,,,,,,,,,,,,,,,,,,,,,,,,,,,,,
03,MANULAS- WEEKLEY TREATMENTS,Column 3,DATE,Column 2,Column 3 2,,,,,,,,,,,,,,,,,,,,,,,,,,,,,,,,,,,,,
1,ALIYA LOUNGE,DONE,"5,12,19,27",GPC/RC,COLOMBO,,Weekly,SUNDAY,,Pubudu,,,,,,✅,,,,,,,,,,,,,,,,,,,,,,,,,,
2,BRITISH PUB,DONE,"5,12,22,26",GPC/RC,COLOMBO,,Weekly,SUNDAY,,Pubudu,,,,,,,,,,,,,,,,,,,,,,,,,,,,,,,,
3,CWIT (COLOMBO WEST TERMINAL),DONE,"12 , 26",FLY/MC,PORT,,FORTNIGHTLY,SUNDAY,,Pubudu,,,,,,✅,,,,,,,,,,,,,,,,,,,,,,,,,,
4,COMMERCIAL CREDIT CENTRE,DONE,"12,19,26",MC (FOGGING),PILIYANDALA,,Weekly,SUNDAY,,,,,,,,,,,,,,,,,,,,,,,,,,,,,,,,,,
5,KALUBOWILA TEACHING HOSPITAL,DONE,"2,13,25,30",RCV / RC,NUGEGODA,,Weekly,,,BOSS,,✅,,,,,,,,,,,,,,,,,,,,,,,,,,,,,,
6,NDB - DHARMAPALA MAWATHA,DONE,"5,12,19,26",MC,,,Weekly,SUNDAY,,,,,,,,,,,,,,,,,,,,,,,,,,,,,,,,,,
7,NDB - NAWAM MAWATHA,DONE,"5,12,19,26",MC,,,Weekly,SUNDAY,,BOSS,,,,✅,,,,,,,MC,,,,,,,GPC - RC - MC,,,,,,,MC,,,,,,,
8,SILVERMILL GROUP,ARRANGED,As per schedule,GPC/RC/FLY,,,,,,,,,,,✅,,,,,,,,,,,,,,FULL,,,,,,,,,,,,,
9,FOOD STUDIO PVT LTD,DONE,1,GPC,BANDARANAYAKE AIRPORT,,Weekly,1st week Wednesday,,,,,,,,,,,,,,,,,,,,,,,,,,,,,,,,,,
12,MALIBAN BISCUIT MANUFACTORIES PVT LTD,ARRANGED,19,GPC/RC/FLY,,,,,,,,,,,,,,,,,,,,,,,,,,,,,,,,,,,,,,
10,FRENCH INTERNATIONAL SCHOOL - 01,TO BE,,MC,PARK ROAD - KIRULAPANA,,,,,,,,,,,✅,,,,,,,,,,,,,,,,,,,,,,,,,,
11,FRENCH INTERNATIONAL SCHOOL - 02,TO BE,,MC,PARK ROAD - KIRULAPANA,,,,,,,,,,,✅,,,,,,,,,,,,,,,,,,,,,,,,,,
,,,,,,,,,,,,,,,,,,,,,,,,,,,,,,,,,,,,,,,,,,
04,PRO PEST OPARATIONS - WEEKLY,,,,,,,,,,,,,,,,,,,,,,,,,,,,,,,,,,,,,,,,,
1,Continental Food,DONE,23,GPC/ RC ,Peliyagoda,,,,,,,✅,,,,,,,,,,,,,,,,,,,,,,,,,,,,,,
2,Continental Food,DONE,"1,8,15,23",FLY,Peliyagoda,,,,,,,✅,,,,,,,✅,B✅,,,,,,,,,,,,,,,,,,,,,,
,,,,,,,,,,,,,,,,,,,,,,,,,,,,,,,,,,,,,,,,,,
,,,,,,,,,,,,,,,,,,,,,,,,,,,,,,,,,,,,,,,,,,
,,,,,,,,,,,,,,,,,,,,,,,,,,,,,,,,,,,,,,,,,,
,,,,,,,,,,,,,,,,,,,,,,,,,,,,,,,,,,,,,,,,,,
,,,,,,,,,,,,,,,,,,,,,,,,,,,,,,,,,,,,,,,,,,
,,,,,,,,,,,,,,,,,,,,,,,,,,,,,,,,,,,,,,,,,,
05,DAILY OPARATIONS,,,,,,,,,,,,,,,,,,,,,,,,,,,,,,,,,,,,,,,,,
1,AIRPORT & AVIATION- KATUNAYAKE,ARRANGED,,GPC/RC/MC,KATUNAYAKE,,,,,,,KTN,KTN,KTN,KTN,,KTN,KTN,KTN,KTN,KTN,KTN,,KTN,KTN,KTN,KTN,KTN,KTN,,KTN,KTN,KTN,KTN,KTN,KTN,,KTN,KTN,,KTN,KTN
2,COMMERCIAL CREDIT TRAINING CENTRE,ARRANGED,,GPC/RC/MC,PILIYANDALA,,,,,,,KTW,KTW,KTW,KTW,,KTW,KTW,KTW,KTW,KTW,KTW,,KTW,KTW,KTW,KTW,KTW,KTW,,KTW,KTW,KTW,KTW,KTW,KTW,,KTW,KTW,,KTW,KTW
3,FINAGLE LANKA PVT LTD,ARRANGED,,GPC/RC/MC,KATUNAYAKE,,,,,,,KTN,KTN,KTN,KTN,,KTN,KTN,KTN,KTN,KTN,KTN,,KTN,KTN,KTN,KTN,KTN,KTN,,KTN,KTN,KTN,KTN,KTN,KTN,,KTN,KTN,,KTN,KTN
4,SERANDIB MILLS ,ARRANGED,,GPC/RC/MC,COLOMBO PORT,,,,,,,✅,✅,✅,✅,,✅,✅,✅,✅,,,,,,,,,,,,,,,,,,,,,,
5,SERANDIB MILLS - HO,ARRANGED,,RC,Orugodawatta,,,,,,,,✅,,✅,,,✅,,✅,,,,,,,,,,,,,,,,,,,,,,
6,TOPAZ HOTEL,ARRANGED,,RC,Kandy,,,,,,,KND,KND,KND,KND,KND,KND,KND,KND,KND,KND,KND,KND,KND,KND,KND,KND,KND,KND,KND,KND,KND,KND,KND,KND,KND,KND,KND,KND,KND,KND,KND
,,,,,,,,,,,,,,,,,,,,,,,,,,,,,,,,,,,,,,,,,,
06,ON REQUEST,,,,,,,,,,,,,,,,,,,,,,,,,,,,,,,,,,,,,,,,,
1,COMMERCIAL CREDIT,TO BE,,GPC/RC/MC,KOLLUPITIYA,,Monthly,,,Pubudu,,,,,,,,,,,,,,,,,,,,,,,,,,,,,,,,
2,COMMERCIAL CREDIT & FINANCE - NE,TO BE,,,NUWARA ELIYA,,,,,,,,,,,,,,,,,,,,,,,,,,,,,,,,,,,,,
3,SILVER MILL HEAD OFFICE,ARRANGED,31,MC,,,Monthly,,,Pubudu,,,,,,,,,,,,,,,,,,,,,,,,,,,,,,,,
4,LOLC TECHNOLOGIES,TO BE,,RC,COLOMBO - 02,,Monthly,weekday after 2 pm,1 PCT,Wasantha,,,,,,,,,,,,,,,,,,,,,,,,,,,,,,,,
5,MR HISHAM`S HOUSE,DONE,"1,25",MC,COLPETTY,,Monthly,,,,,✅,,,,,,,,,,,,,,,,,,,,,,,,,,,,,,
6,MR HUSSAIN`S HOUSE,DONE,2,MC,,,Monthly,,,,,,✅,,,,,,,,,,,,,,,,,,,,,,,,,,,,,
7,HERITAGE TEAS (PVT) LTD,DONE,4,STORED PEST,WELLAMPITIYA,,Monthly,,,Pubudu,,,,,✅,,,,,,,,,,,,,,,,,,,,,,,,,,,
8,NDB - HAVELOCK TOWN,DONE,2026-02-10,MC,Havelock Town,,Monthly,,,,,,✅,,,,,,,,,,,,,,,,,,,,,,,,,,,,,
9,NDB -KURUNEGALA,DONE,6,MC,Piliyandala,,,,,,,,,,,,✅,,,,,,,,,,,,,,,,,,,,,,,,,
10,NDB- GREEN LANKA,DONE,13,MC,Nawam Mawatha,,,,,,,,,,,,,,,,,,,,,,,,,,,,,,,,,,,,,
11,NDB- BADULLA,DONE,7,MC,BADULLA,,,,,,,,,,,,,✅,,,,,,,,,,,,,,,,,,,,,,,,
12,NDB- KOCCHIKADE,DONE,18,TC,KOCCHIKADE,,,,,,,,,,,,,,,,,,,,,,,,,,,,,,,,,,,,,
13,NDB - HO-IBU,DONE,"19,24",ANT,HEAD OFFICE,,,,,,,,,,,,,,,,,,,,,,,,,,,,,,,,,,,,,
14,NDB- KEKIRAWA,DONE,22,,,,,,,,,,,,,,,,,,,,,,,,,,,,,,,,,,,,,,,
15,,,,,,,,,,,,,,,,,,,,,,,,,,,,,,,,,,,,,,,,,,
,HNB - 28,,,TREATMENT,LOCATION,CONTACT NUMBER,,,,SALESMAN,,,,,,,,,,,,,,,,,,,,,,,,,,,,,,,,
,,,,,,,,,,,,,,,,,,,,,,,,,,,,,,,,,,,,,,,,,,
,ZONE 01  (FORT AND PETTAH),,,,,,,,,,,,,,,,,,,,,,,,,,,,,,,,,,,,,,,,,
1,Call Center at IFJ Tower,DONE,28,GPC/RC,,,,,,,,,,,,,,,,,,,,,,,,,,,,,,,,,,,,,,
2,City Office Branch,DONE,18,GPC/RC,,,,,,,,,,,,,,,,,,,,,,,,,,,,,,,,,,,,,,
3,City Office-Audit,DONE,20,GPC/RC,,,,,,,,,,,,,,,,,,,,,,,,,,,,,,,,,,,,,,
4,City Office-Centralize Operation,DONE,20,GPC/RC,,,,,,,,,,,,,,,,,,,,,,,,,,,,,,,,,,,,,,
5,City Office-CTP,DONE,20,GPC/RC,,,,,,,,,,,,,,,,,,,,,,,,,,,,,,,,,,,,,,
6,IBU,DONE,27,GPC/RC,,,,,,,,,,,,,,,,,,,,,,,,,,,,,,,,,,,,,,
7,Pettah,DONE,17,GPC/RC,,,,,,,,,,,,,,,,,,,,,,,,,,,,,,,,,,,,,,
8,Pettah Metro,DONE,27,GPC/RC,,,,,,,,,,,,,,,,,,,,,,,,,,,,,,,,,,,,,,
9,Ports Authority,DONE,20,GPC/RC,,,,,,,,,,,,,,,,,,,,,,,,,,,,,,,,,,,,,,
10,Sea Street,DONE,20,GPC/RC,,,,,,,,,,,,,,,,,,,,,,,,,,,,,,,,,,,,,,
,,,,,,,,,,,,,,,,,,,,,,,,,,,,,,,,,,,,,,,,,,
,ZONE 02 (NORTH COLOMBO),,,,,,,,,,,,,,,,,,,,,,,,,,,,,,,,,,,,,,,,,
11,Aluthkade,DONE,23,GPC/RC,,,,,,,,,,,,,,,,,,,,,,,,,,,,,,,,,,,,,,
12,Grandpass,DONE,23,GPC/RC,,,,,,,,,,,,,,,,,,,,,,,,,,,,,,,,,,,,,,
13,Gunasinghepura Store,DONE,27,GPC/RC,,,,,,,,,,,,,,,,,,,,,,,,,,,,,,,,,,,,,,
14,Hulftsdorp,DONE,23,GPC/RC,,,,,,,,,,,,,,,,,,,,,,,,,,,,,,,,,,,,,,
15,Jampattah,DONE,17,GPC/RC,,,,,,,,,,,,,,,,,,,,,,,,,,,,,,,,,,,,,,
16,Kotahena,DONE,23,GPC/RC,,,,,,,,,,,,,,,,,,,,,,,,,,,,,,,,,,,,,,
17,Mutwal,DONE,27,GPC/RC,,,,,,,,,,,,,,,,,,,,,,,,,,,,,,,,,,,,,,
,,,,,,,,,,,,,,,,,,,,,,,,,,,,,,,,,,,,,,,,,,
,ZONE 03- COLOMBO SOUTH,,,,,,,,,,,,,,,,,,,,,,,,,,,,,,,,,,,,,,,,,
18,Bambalapitiya,DONE,17,GPC/RC,,,,,,,,,,,,,,,,,,,,,,,,,,,,,,,,,,,,,,
19,Kollupitiya,DONE,17,GPC/RC,,,,,,,,,,,,,,,,,,,,,,,,,,,,,,,,,,,,,,
20,Pamankada,DONE,17,GPC/RC,,,,,,,,,,,,,,,,,,,,,,,,,,,,,,,,,,,,,,
21,Thimbirigasyaya,DONE,28,GPC/RC,,,,,,,,,,,,,,,,,,,,,,,,,,,,,,,,,,,,,,
22,Wellawatta,DONE,15,GPC/RC,,,,,,,,,,,,,,,,,,,,,,,,,,,,,,,,,,,,,,
,,,,,,,,,,,,,,,,,,,,,,,,,,,,,,,,,,,,,,,,,,
,ZONE 04 - COLOMBO CENTRAL,,,,,,,,,,,,,,,,,,,,,,,,,,,,,,,,,,,,,,,,,
23,Asiri Central Hospital,DONE,20,GPC/RC,,,,,,,,,,,,,,,,,,,,,,,,,,,,,,,,,,,,,,
24,Barnes Place,DONE,20,GPC/RC,,,,,,,,,,,,,,,,,,,,,,,,,,,,,,,,,,,,,,
25,Green Path,DONE,27,GPC/RC,,,,,,,,,,,,,,,,,,,,,,,,,,,,,,,,,,,,,,
26,Maradana,DONE,20,GPC/RC,,,,,,,,,,,,,,,,,,,,,,,,,,,,,,,,,,,,,,
27,Nawaloka Hospital,DONE,20,GPC/RC,,,,,,,,,,,,,,,,,,,,,,,,,,,,,,,,,,,,,,
28,Nawam Mawatha,DONE,20,GPC/RC,,,,,,,,,,,,,,,,,,,,,,,,,,,,,,,,,,,,,,
,,,,,,,,,,,,,,,,,,,,,,,,,,,,,,,,,,,,,,,,,,
,ADHOC,,,TREATMENT,,,,,,SALESMAN,,,,,,,,,,,,,,,,,,,,,,,,,,,,,,,,
1,BEAUTYLOGY CLINIC,2026-07-01,,BEDBUG,Negambo,,,,,,,,,,,,,,,,,,,,,,,,,,,,,,,,,,,,,
2,DIMUTHU TENNAKON,2026-07-01,,MC,kapuwatta,,,,,,,,,,,,,,,,,,,,,,,,,,,,,,,,,,,,,
3,DR LAKPRIYA- UDUGABAGE,2026-07-01,,MC,Nawinna,,,,,,,,,,,,,,,,,,,,,,,,,,,,,,,,,,,,,
4,GREEN VALLEY,2026-07-01,,MC,Hanwella,,,,,,,,,,,,,,,,,,,,,,,,,,,,,,,,,,,,,
5,HERITAGE TEAS,2026-07-01,,ANT,Gothatuwa,,,,,,,,,,,,,,,,,,,,,,,,,,,,,,,,,,,,,
6,JETWING- LAGOON,2026-07-04,,SPT,Wellampitiya,,,,,,,,,,,,,,,,,,,,,,,,,,,,,,,,,,,,,
7,LOLC,2026-07-05,,MC,Makumbura,,,,,,,,,,,,,,,,,,,,,,,,,,,,,,,,,,,,,
8,MR HASITHA GAYAN,2026-07-06,,TC,,,,,,,,,,,,,,,,,,,,,,,,,,,,,,,,,,,,,,
9,MR MOORTHY,2026-07-07,,TC,Thalawathugoda,,,,,,,,,,,,,,,,,,,,,,,,,,,,,,,,,,,,,
10,Mr ROSHAN SENEVIRATHNE,2026-07-07,,MC,Panadura,,,,,,,,,,,,,,,,,,,,,,,,,,,,,,,,,,,,,
11,MR SUPUN APPUHAMI,2026-07-07,,MC,Ja Ela,,,,,,,,,,,,,,,,,,,,,,,,,,,,,,,,,,,,,
12,SPECTRA TRANSPORT DIVISION,"8-JULY, 12-JULY",,BEDBUG,Wattala,,,,,,,,,,,,,,,,,,,,,,,,,,,,,,,,,,,,,
13,AIR COOL TRADING,2026-07-10,,RC,PITAKOTTE,,,,,,,,,,,,,,,,,,,,,,,,,,,,,,,,,,,,,
10,NDB - NAWAM MAWATHA- 12TH FLOOR,2026-07-13,,COCKROACH,Nawam Mawatha,,,,,,,,,,,,,,,,,,,,,,,,,,,,,,,,,,,,,
15,NDB -KADANA,2026-07-13,,TC,KADANA,,,,,,,,,,,,,,,,,,,,,,,,,,,,,,,,,,,,,
16,MALIBAN SP JOB,2026-07-13,,FOGGING,RATHMALANA,,,,,,,,,,,,,,,,,,,,,,,,,,,,,,,,,,,,,
17,GILLS CHAIRMAN HOUSE,2026-07-13,,MC,WATTALA,,,,,,,,,,,,,,,,,,,,,,,,,,,,,,,,,,,,,
18,MOTHERSON STACK FUMIGATION,2026-07-13,,FUMIGATION,PADDUKA,,,,,,,,,,,,,,,,,,,,,,,,,,,,,,,,,,,,,
19,SERENDIVA LOUNGE,2026-07-15,,GPC,AIRPORT,,,,,,,,,,,,,,,,,,,,,,,,,,,,,,,,,,,,,
20,MARINE CHIEF - MR JAYATHILAKE,2026-07-16,,MC,RAGAMA,,,,,,,,,,,,,,,,,,,,,,,,,,,,,,,,,,,,,
21,MR AKINDU,2026-07-16,,MC,WATTALA,,,,,,,,,,,,,,,,,,,,,,,,,,,,,,,,,,,,,
22,MR DINUSHA FERNANDO,2026-07-16,,TC,MORATUWA,,,,,,,,,,,,,,,,,,,,,,,,,,,,,,,,,,,,,
23,UNISTAR INTERNATIONAL,2026-07-17,,FUMIGATION,RATHMALANA,,,,,,,,,,,,,,,,,,,,,,,,,,,,,,,,,,,,,
24,NDB- KOCCHI KADE,2026-07-18,,TC,KOCCHIKADE,,,,,,,,,,,,,,,,,,,,,,,,,,,,,,,,,,,,,
25,MR PRIYANTHI FERNANDO - PROPEST,21-JULY``,,GPC - RC,PANNIPITIYA,,,,,,,,,,,,,,,,,,,,,,,,,,,,,,,,,,,,,
26,NELNA FARM - MITHRIGALA,2026-07-21,,TC,MITHRIGALA,,,,,,,,,,,,,,,,,,,,,,,,,,,,,,,,,,,,,
27,KOSLA KARUNARATHNE- PROPEST,2026-07-22,,TC,PANNIPITYA,,,,,,,,,,,,,,,,,,,,,,,,,,,,,,,,,,,,,
28,NATIONAL HOSPITAL - ASPOD & DRIVERS ACCOMODATION,2026-07-23,,BEDBUG,COLOMBO,,,,,,,,,,,,,,,,,,,,,,,,,,,,,,,,,,,,,
29,CHARITH YALAGALLA,2026-07-27,,MC,MARADANA,,,,,,,,,,,,,,,,,,,,,,,,,,,,,,,,,,,,,
30,NDB BANK - PANADURA,2026-07-28,,GPC/RC,PANADURA,,,,,,,,,,,,,,,,,,,,,,,,,,,,,,,,,,,,,
,,,,,,,,,,,,,,,,,,,,,,,,,,,,,,,,,,,,,,,,,,
,,,,,,,,,,,,,,,,,,,,,,,,,,,,,,,,,,,,,,,,,,
,RDS - WATTALA AND COLOMBO,,,,,,,,,,,,,,,,,,,,,,,,,,,,,,,,,,,,,,,,,
1, Interocean logistics ltd - RDS Wattala house,,,GPC/RC/MC,,,,,,,,,,,,,,,,,,,,,,,,,,,,,,,,,,,,,,
2, Interocean logistics ltd - RDS Wattala house,,,MC,,,,,,,,,,,,,,,,,,,,,,,,,,,,,,,,,,,,,,
3, Interocean services ltd - 2 WH's,,,GPC/RC,,,,,,,,,,,,,,,,,,,,,,,,,,,,,,,,,,,,,,
4, Interocean logistics ltd - RDS camebridge house,,,GPC/RC,,,,,,,,,,,,,,,,,,,,,,,,,,,,,,,,,,,,,,
5, Interocean logistics ltd - RDS camebridge house,,,MC,,,,,,,,,,,,,,,,,,,,,,,,,,,,,,,,,,,,,,
,CLIENT,ARRANGED,LAST,CURRENT,TREATMENT,LOCATION,CONTACT NUMBER,FREQUENCY,Prefer Day,Duration and PCT ,SALESMAN,,SAT,SUN,MON,TUE,WED,THU,FRI,SAT,SUN,MON,TUE,WED,THU,FRI,SAT,SUN,MON,TUE,WED,THU,FRI,SAT,SUN,MON,TUE,WED,THU,FRI,SAT,SUN
,,TO BE ,,,,,,,,,,,1,2,3,4,5,6,7,8,9,10,11,12,13,14,15,16,17,18,19,20,21,22,23,24,25,26,27,28,29,30
01 .,MANULAS- MONTHLEY TREATMENTS,CONFIRMATION,DATE,DATE,,,,,,,,,,,,,,,,,,,,,,,,,,,,,,,,,,,,,,
1,AMAGI FOODS PVT LTD,DONE,16,13 (2.00 PM),GPC/RC/FLY/MC,EKALA,0770899800 (SHIVANTHI),MONTHLY,,,,,,,,,,,,,,,,,,,,,,,,,,,,,,,,,,
2,ASIAN AGRO PRODUCTS,DONE,5,2026-01-29,GPC,KATUNAYAKA,0777262612 (ASHEN),,,,,,,,,,,,,,,,,,,,,,,,,,,,,,,,,,,
3,BELUMMAHARA MILLS,DONE,18,8,GPC/ RC,BELUMMAHARA,,Monthly,,,Wijenayaka,,,,,,,,,,,,,,,,,,,,,,,,,,,,,,,
4,C E W A S (TANDEM SPEED),DONE,8,12,GPC/MC,RATHMALANA,0754053481 (chathurani),FORTNIGHTY,,,Janadara,,,,,,,,,,,,,,,,,,,,,,,,,,,,,,,
5,C E W A S (TANDEM SPEED),DONE,11,28,MC,RATHMALANA,0763591144 (Office),FORTNIGHTY,,,Janadara,,,,,,,,,,,,,,,,,,,,,,,,,,,,,,,
6,DINUTH CEYFOOD,DONE,14,14,GPC/RC/MC,SEEDUWA,0771054372 (Maheesha),Monthly,weekday after 2 pm,,Wasantha,,,,,,,,,,,,,,,,,,,,,,,,,,,,,,,
7,DIMO AGRI BUSINESS,DONE,15,18,MC,PELIYAGODA,0742702934 (Mr Rashika),Monthly,Sturday 2pm,,Wijenayaka,,,,,,,,,,,,,,,,,,,,,,,,,,,,,,,
8,DRUGS COPARATION (SL AYURVEDIC),DONE,17,14 (9.00 AM),GPC/RC/MC,NAWINNA,,Monthly,week day 10 am,,Janadara,,,,,,,,,,,,,,,,,,,,,,,,,,,,,,,
9,EARL REEF HOTEL,DONE,6,4,GPC/RC/MC,BERUWALA,0773766379 (Theshan),,,,Wasantha,,,,,,,,,,,,,,,,,,,,,,,,,,,,,,,
10,ETHAL GROUP (PVT) LTD,DONE,4,8,RC/MC,KAHAPOLA,0777254763 (PAWANI ),Monthly,SATURDAY,,Janadara,,,,,,,,,,,,,,,,,,,,,,,,,,,,,,,
11,GILLS INTERNATIONAL,DONE,5,2,GPC+RC,KATUNAYAKA - BY KTN,0784249433 (Hasitha),Monthly,Sunday,3 hrs - 02 PCT,Pubudu,,,,,,,,,,,,,,,,,,,,,,,,,,,,,,,
12,GILLS INTERNATIONAL,DONE,19,23 (5.00PM),FLY,KATUNAYAKA - BY KTN,0784249433 (Hasitha),Monthly,Monday,1.5 hrs - 02 PCT,Pubudu,,,,,,,,,,,,,,,,,,,,,,,,,,,,,,,
13,GILLS FOOD KATUNAYAKE,DONE,19,22 (3.00 PM),GPC+RC,KATUNAYAKE,0754322589 (DILSHANI),Monthly,,,,,,,,,,,,,,,,,,,,,,,,,,,,,,,,,,
14,HERITAGE TEAS (PVT) LTD,DONE,17, 13 - 8.30,RC,WELLAMPITIYA,0774133501 (Amal),Monthly,FRIDAY,,Pubudu,,,,,,,,,,,,,,,,,,,,,,,,,,,,,,,
15,HERITAGE TEAS (PVT) LTD,DONE,26,15 - 7.30 AM,GPC (COCKROACH),WELLAMPITIYA,,,,,,,,,,,,,,,,,,,,,,,,,,,,,,,,,,,,
16,JETWING LAGOON WELLNESS,DONE,6,"11 , 12",RC/GPC/MC,NEGAMBO,0707443116 (Mr Nihal),Monthly,1st week,,Wijenayaka,,,,,,,,,,,,,,,,,,,,,,,,,,,,,,,
17,JETWING LAGOON WELLNESS,DONE,31,30,MC,NEGAMBO,,Fortnight,3rd week,,Wijenayaka,,,,,,,,,,,,,,,,,,,,,,,,,,,,,,,
18,NDB- MAIN BRANCH - 01,DONE,"14 , 15",12,GPC/RC,MALAMBE DR,,Monthly,weekday night,,,,,,,,,,,,,,,,,,,,,,,,,,,,,,,,,
19,NDB - MAIN BRANCH - 02,DONE,12,16,GPC/RC,MARINE DRIVE,,Monthly,,,Janadara,,,,,,,,,,,,,,,,,,,,,,,,,,,,,,,
20,NDB - MAIN BRANCH - 03,DONE,13,12,GPC/RC,GREEN LANKA,,Monthly,,,Janadara,,,,,,,,,,,,,,,,,,,,,,,,,,,,,,,
21,NDB - MAIN BRANCH - 04,DONE,14,12,GPC/RC,NARAHENPITA,,Monthly,weekday,,Janadara,,,,,,,,,,,,,,,,,,,,,,,,,,,,,,,
22,NDB - MAIN BRANCH - 05,DONE,12,16,GPC/RC,VAUXHALL STREET,,Monthly,,,Janadara,,,,,,,,,,,,,,,,,,,,,,,,,,,,,,,
23,NDB - MAIN BRANCH - 06,DONE,12,16,GPC/RC,PETTAH,,Monthly,,,Janadara,,,,,,,,,,,,,,,,,,,,,,,,,,,,,,,
24,NDB - NAWAM MAWATHA,DONE,12,16,GPC/MC/ RC,NAWAM MAWATHA,,Monthly,2 pm Sunday,,Janadara,,,,,,,,,,,,,,,,,,,,,,,,,,,,,,,
25,NDB - DARMAPALA MAWATHA,DONE,12,16,GPC/MC/ RC,DARMPALA MAWATHA,,,,,,,,,,,,,,,,,,,,,,,,,,,,,,,,,,,,
26,S.T ANTHONY’S BIZ (Pvt) LTD,DONE,14,13 (10.00am),GPC+RC,JA ELA,0715165030 (HIMASHA),Monthly,,,Wasantha,,,,,,,,,,,,,,,,,,,,,,,,,,,,,,,
27,SPECTRA LOGISTICS,DONE,8,5,GPC/RC/MC,DC,,Monthly,,,Wasantha,,,,,,,,,,,,,,,,,,,,,,,,,,,,,,,
28,SPECTRA LOGISTICS,DONE,8,5,GPC/RC/MC,DEPOT,,Monthly,,,Wasantha,,,,,,,,,,,,,,,,,,,,,,,,,,,,,,,
29,SPECTRA LOGISTICS,DONE,2,3,GPC/RC/MC,WATTALA,,Monthly,,,Wasantha,,,,,,,,,,,,,,,,,,,,,,,,,,,,,,,
30,SPECTRA LOGISTICS,DONE,2,3,GPC/RC/MC,SAPUGASKANDA,,Monthly,,,Wasantha,,,,,,,,,,,,,,,,,,,,,,,,,,,,,,,
31,SPECTRA LOGISTICS,DONE,2,3,GPC/RC/MC,NITTABUWA,,Monthly,,,Wasantha,,,,,,,,,,,,,,,,,,,,,,,,,,,,,,,
32,SPECTRA LOGISTICS,DONE,2,3,GPC/RC/MC,JA ELA ( WH ),,Monthly,,,Wasantha,,,,,,,,,,,,,,,,,,,,,,,,,,,,,,,
33,WICHY BEVERAGE,DONE,6,4,GPC/RC,SEETHAWAKAPURA,,Monthly,,,Wasantha,,,,,,,,,,,,,,,,,,,,,,,,,,,,,,,
34,SUNIL TRADERS,DONE,4,4,RC,HOKANDARA,772216512,Monthly,,,Janadara,,,,,,,,,,,,,,,,,,,,,,,,,,,,,,,
35,GILLS WATTALA (ANDREWS PREIMIUM),DONE,26,22,GPC/RC,WATTALA,0754322589 (DILSHANI),Monthly,,,WASANTHA,,,,,,,,,,,,,,,,,,,,,,,,,,,,,,,
37,FORT HERITAGE VENTURES (HOTEL),Postponed,"9 , 24",,GPC/MC/RC,MATARA,0777213817 (Mr Nuwan),Monthly,,,Wijee,,,,,,,,,,,,,,,,,,,,,,,,,,,,,,,
38,FORT HERITAGE VENTURES (RESIDENCE),Postponed,"9 , 24",,GPC/MC/RC,MATARA,077213817 (Mr Nuwan),Monthly,,,Wijee,,,,,,,,,,,,,,,,,,,,,,,,,,,,,,,
39,CEYLON ROYAL TEAS (Pvt) LTD - WAREHOUSE,DONE,20,5,GPC/RC,HOMAGAMA,0769955071 (SHRIMALEE),Monthly,,,,,,,,,,,,,,,,,,,,,,,,,,,,,,,,,,
40,CEYLON ROYAL TEAS (Pvt) LTD - TEA FACTORY,DONE,21,7,GPC/RC,HOMAGAMA,0769955071 (SHRIMALEE),Monthly,,,Wasantha,,,,,,,,,,,,,,,,,,,,,,,,,,,,,,,
41,BOBING GROUP (APPAREL),Postponed,25,22,MC,MT LAVINIA,0763590982 (Dinushi),Monthly,,,Wijenayaka,,,,,,,,,,,,,,,,,,,,,,,,,,,,,,,
42,ETHICAL EXTRACT (Pvt) LTD,DONE,21,20 (1.00 pm),GPC+RC,KADAWATHA,0716402663 (RANDIKA),Monthly,,,Wasantha,,,,,,,,,,,,,,,,,,,,,,,,,,,,,,,
43,FLEMINGO RETAIL HOSPITALITY,DONE,,5,GPC,BANDARANAYAKE AIRPORT,,Monthly,,,,,,,,,,,,,,,,,,,,,,,,,,,,,,,,,,
44,SETHMA HOSPITAL,DONE,31,31,GPC/RC/MC,GAMPAHA,718623720 (krishantha),Monthly,,,Suraj,,,,,,,,,,,,,,,,,,,,,,,,,,,,,,,
45,E. L. S CONSTRUCTION,DONE,28,9,GPC/RC,KATUWAWELA,0713281422 (NIRMAL),Monthly,,,,,,,,,,,,,,,,,,,,,,,,,,,,,,,,,,
46,NELNA FARM (Pvt) LTD,DONE,,"1 , 24",GPC/RC/MC,MITHIRIGALA,0773950241 ( lakmali ),Monthly,2 pm Saturday,,Wasantha,,,,,,,,,,,,,,,,,,,,,,,,,,,,,,,
47,LRH (LADY RIDGEWAY),DONE,2026-06-28,2026-12-19,RC/RCV,BORELLA,,,,,,,,,,,,,,,,,,,,,,,,,,,,,,,,,,,,
48,CEYMED HEALTHCARE SERVICES,DONE,,"6,7",GPC/RC,,,,,,,,,,,,,,,,,,,,,,,,,,,,,,,,,,,,,
49,HENEGAMA MILLS,DONE,7,8,GPC/RC,,0787065212 (Mr Lakindu),,12PM 3PM,,,,,,,,,,,,,,,,,,,,,,,,,,,,,,,,,
50,NDC - EXPORTS (Pvt) LTD,DONE,18,24,FLY,PANNALA,,,3rd week (saturday),,,,,,,,,,,,,,,,,,,,,,,,,,,,,,,,,
51,NDC - EXPORTS (Pvt) LTD,DONE,4,6,GPC/RC,PANNALA,0773962202 (Mr sanka),Monthly,1st week (Saturday),,Wijenayaka,,,,,,,,,,,,,,,,,,,,,,,,,,,,,,,
53,CEYLON CHOCOLATE LTD,DONE,,20,GPC - RC,COLOMBO 13,,,,,,,,,,,,,,,,,,,,,,,,,,,,,,,,,,,,
54,NMRA - COLOLMO 02,DONE,,11,,,,,,,,,,,,,,,,,,,,,,,,,,,,,,,,,,,,,,
55,NMRA - COLOMBO 10,DONE,,12,,,,,,,,,,,,,,,,,,,,,,,,,,,,,,,,,,,,,,
52,ANTHLER GROUP,TO BE,18,,GPC,PILIYANDALA,,03 month,,,Janadara,,,,,,,,,,,,,,,,,,,,,,,,,,,,,,,
36,OLEENA NATURAL FOODS,TO BE,"23,24",,GPC/RC/MC ( ANT ),DIVLAPITIYA,,Monthly,,,DILHAN,,,,,,,,,,,,,,,,,,,,,,,,,,,,,,,
56,SERENDIB LOUNGE (SL AIRLINE),TO BE,1,,COCKROACH ,AIRPORT,,Monthly,,,Pubudu,,,,,,,,,,,,,,,,,,,,,,,,,,,,,,,
57,LOLC TECHNOLOGIES (LOIT),TO BE,11,,,RAJAGIRIYA,,Monthly,,,JANADARA,,,,,,,,,,,,,,,,,,,,,,,,,,,,,,,
58,GREEN VALEY APARTMENTS,TO BE,2,,GPC/MC,HANWELLA,,,,,,,,,,,,,,,,,,,,,,,,,,,,,,,,,,,,
59,BARISTA COFFEE LANKA (Pvt) LTD,TO BE,,,GPC/,KADAWATHA,0703606012 (Shane),Fortnightly,,,Pubudu,,,,,,,,,,,,,,,,,,,,,,,,,,,,,,,
60,GIZ,TO BE,,,,,,,,,Janadara,,,,,,,,,,,,,,,,,,,,,,,,,,,,,,,
61,KELANIYA PRADESHIYA SABHA,TO BE,,,RC,KELANIYA,711775624,Monthly,,,pubudu,,,,,,,,,,,,,,,,,,,,,,,,,,,,,,,
62,UPALI MILLS ,TO BE,,,GPC+RC,MARAVILA,,Monthly,Not specified,2 hrs - 02 PCT,Wasantha,,,,,,,,,,,,,,,,,,,,,,,,,,,,,,,
,,,,,,,,,,,,,,,,,,,,,,,,,,,,,,,,,,,,,,,,,,
02,PRO PEST OPARATIONS - MONTHLY,,DATE,,,COLOMBO-13,,,,,,,,,,,,,,,,,,,,,,,,,,,,,,,,,,,,
1,CONTINENTAL TEAS,ARRANGED,27,31,GPC/RC,JA ELA,CHAMAL,Monthly,NO,,Wasantha,,,,,,,,,,,,,,,,,,,,,,,,,,,,,,,
2,MR AKALANKA,TO BE,5,,GPC/RC,MAHARAGAMA,,Monthly,1st Sunday,,Wasantha,,,,,,,,,,,,,,,,,,,,,,,,,,,,,,,
3,TICO ADRA - 01,DONE,3,8 (4.00 pm),GPC,COLOMBO,,Fortnightly,Friday,,Wasantha,,,,,,,,,,,,,,,,,,,,,,,,,,,,,,,
4,JBL FOOD CORNER,DONE,,1,GPC/RC,NUGEGODA,,Monthly,,,,,,,,,,,,,,,,,,,,,,,,,,,,,,,,,,
5,TICO ADRA - 02,DONE,,18,GPC,COLOMBO,,Fortnightly,Friday,,Wasantha,,,,,,,,,,,,,,,,,,,,,,,,,,,,,,,
,,,,,,,,,,,,,,,,,,,,,,,,,,,,,,,,,,,,,,,,,,
,,,,,,,,,,,,,,,,,,,,,,,,,,,,,,,,,,,,,,,,,,
,,,,,,,,,,,,,,,,,,,,,,,,,,,,,,,,,,,,,,,,,,
03,MANULAS- WEEKLEY TREATMENTS,Column 3,DATE,Column 7,Column 2,Column 3 2,Column 1,,,,,,,,,,,,,,,,,,,,,,,,,,,,,,,,,,,
1,ALIYA LOUNGE,ARRANGED,"5,12,19,27","2,9,16,23,30",GPC/RC,COLOMBO,717400902,Weekly,SUNDAY,,Pubudu,,,,,,,,,,,,,,,,,,,,,,,,,,,,,,,
2,BRITISH PUB,ARRANGED,"5,12,22,26","2,9,16,23,30",GPC/RC,COLOMBO,701471144,Weekly,SUNDAY,,Pubudu,,,,,,,,,,,,,,,,,,,,,,,,,,,,,,,
3,CWIT (COLOMBO WEST TERMINAL),DONE,"12 , 26","9,23",FLY/MC,PORT,,FORTNIGHTLY,SUNDAY,,Pubudu,,,,,,,,,,,,,,,,,,,,,,,,,,,,,,,
4,COMMERCIAL CREDIT CENTRE,ARRANGED,"12,19,26","2,9,16,23,31",MC (FOGGING),PILIYANDALA,,Weekly,SUNDAY,,,,,,,,,,,,,,,,,,,,,,,,,,,,,,,,,
5,KALUBOWILA TEACHING HOSPITAL,ARRANGED,"2,13,25,30","5,10,20,25,31",RCV / RC,NUGEGODA,,Weekly,,,BOSS,,,,,,,,,,,,,,,,,,,,,,,,,,,,,,,
6,NDB - DHARMAPALA MAWATHA,"DONE, ARRANGED","5,12,19,26","2,9,16,23,30",MC,,,Weekly,SUNDAY,,,,,,,,,,,,,,,,,,,,,,,,,,,,,,,,,
7,NDB - NAWAM MAWATHA,"DONE, ARRANGED","5,12,19,26","2,9,16,23,30",MC,,,Weekly,SUNDAY,,BOSS,,,,,,,,,,,,,,,,,,,,,,,,,,,,,,,
8,SILVERMILL GROUP,TO BE,As per schedule,,GPC/RC/FLY,,,,,,,,,,,,,,,,,,,,,,,,,,,,,,,,,,,,,
9,FOOD STUDIO PVT LTD,TO BE,1,"5,12,19,26",GPC,BANDARANAYAKE AIRPORT,,Weekly,1st week Wednesday,,,,,,,,,,,,,,,,,,,,,,,,,,,,,,,,,
10,MALIBAN BISCUIT MANUFACTORIES PVT LTD,TO BE,19,2026-09-15,GPC/RC/FLY,,,,,,,,,,,,,,,,,,,,,,,,,,,,,,,,,,,,,
11,BMICH ,DONE,,"1,8,15,19",RC,COLOMBO,0717402716 (SAMEERA),,,,,,,,,,,,,,,,,,,,,,,,,,,,,,,,,,,
12,FRENCH INTERNATIONAL SCHOOL - 01,TO BE,,,MC,PARK ROAD - KIRULAPANA,,,,,,,,,,,,,,,,,,,,,,,,,,,,,,,,,,,,
13,FRENCH INTERNATIONAL SCHOOL - 02,TO BE,,,MC,PARK ROAD - KIRULAPANA,,,,,,,,,,,,,,,,,,,,,,,,,,,,,,,,,,,,
,,,,,,,,,,,,,,,,,,,,,,,,,,,,,,,,,,,,,,,,,,
04,PRO PEST OPARATIONS - WEEKLY,,,,,,,,,,,,,,,,,,,,,,,,,,,,,,,,,,,,,,,,,
1,Continental Food,DONE,23,19,GPC/ RC ,Peliyagoda,,,,,,,,,,,,,,,,,,,,,,,,,,,,,,,,,,,,
2,Continental Food,DONE,"1,8,15,23","5,12,19,26 ",FLY,Peliyagoda,,,,,,,,,,,,,,,,,,,,,,,,,,,,,,,,,,,,
3,IMRAN CARDER,TO BE,1,,MC,EPITAMULLE- PITAKOTTE,771896299,,,,,,,,,,,,,,,,,,,,,,,,,,,,,,,,,,,
,,,,,,,,,,,,,,,,,,,,,,,,,,,,,,,,,,,,,,,,,,
,,,,,,,,,,,,,,,,,,,,,,,,,,,,,,,,,,,,,,,,,,
,,,,,,,,,,,,,,,,,,,,,,,,,,,,,,,,,,,,,,,,,,
,,,,,,,,,,,,,,,,,,,,,,,,,,,,,,,,,,,,,,,,,,
,,,,,,,,,,,,,,,,,,,,,,,,,,,,,,,,,,,,,,,,,,
05,DAILY OPARATIONS,,,,,,,,,,,,,,,,,,,,,,,,,,,,,,,,,,,,,,,,,
1,AIRPORT & AVIATION- KATUNAYAKE,ARRANGED,,,GPC/RC/MC,KATUNAYAKE,,,,,,,,,,,,,,,,,,,,,,,,,,,,,,,,,,,,
2,COMMERCIAL CREDIT TRAINING CENTRE,ARRANGED,,,GPC/RC/MC,PILIYANDALA,,,,,,,,,,,,,,,,,,,,,,,,,,,,,,,,,,,,
3,SERANDIB MILLS ,ARRANGED,,,GPC/RC/MC,COLOMBO PORT,,,,,,,,,,,,,,,,,,,,,,,,,,,,,,,,,,,,
4,SERANDIB MILLS - HO,ARRANGED,,,RC,Orugodawatta,,,,,,,,,,,,,,,,,,,,,,,,,,,,,,,,,,,,
5,TOPAZ HOTEL,ARRANGED,,,RC,Kandy,,,,,,,,,,,,,,,,,,,,,,,,,,,,,,,,,,,,
,,,,,,,,,,,,,,,,,,,,,,,,,,,,,,,,,,,,,,,,,,
06,ON REQUEST,,,,,,,,,,,,,,,,,,,,,,,,,,,,,,,,,,,,,,,,,
1,NDB - MALAMBE,DONE,,20,RAT REMOVE,,,Monthly,,,Pubudu,,,,,,,,,,,,,,,,,,,,,,,,,,,,,,,
2,COMMERCIAL CREDIT & FINANCE - NE,DONE,,16,GPC/RC/MC,NUWARA ELIYA,,,,,,,,,,,,,,,,,,,,,,,,,,,,,,,,,,,,
3,LOLC TECHNOLOGIES,DONE,,29,RC,COLOMBO - 02,,Monthly,weekday after 2 pm,1 PCT,Wasantha,,,,,,,,,,,,,,,,,,,,,,,,,,,,,,,
4,MR HISHAM`S HOUSE,TO BE,"1,25",,MC,COLPETTY,,Monthly,,,,,,,,,,,,,,,,,,,,,,,,,,,,,,,,,,
5,MR HUSSAIN`S HOUSE,TO BE,2,,MC,,,Monthly,,,,,,,,,,,,,,,,,,,,,,,,,,,,,,,,,,
6,HERITAGE TEAS (PVT) LTD,TO BE,4,,STORED PEST,WELLAMPITIYA,,Monthly,,,Pubudu,,,,,,,,,,,,,,,,,,,,,,,,,,,,,,,
7,NDB - HAVELOCK TOWN,TO BE,2026-02-10,,MC,Havelock Town,,Monthly,,,,,,,,,,,,,,,,,,,,,,,,,,,,,,,,,,
8,NDB -KURUNEGALA,TO BE,6,,MC,Piliyandala,,,,,,,,,,,,,,,,,,,,,,,,,,,,,,,,,,,,
9,NDB- GREEN LANKA,DONE,13,12,MC,Nawam Mawatha,,,,,,,,,,,,,,,,,,,,,,,,,,,,,,,,,,,,
10,NDB- BADULLA,TO BE,7,,MC,BADULLA,,,,,,,,,,,,,,,,,,,,,,,,,,,,,,,,,,,,
11,NDB- KOCCHIKADE,TO BE,18,,TC,KOCCHIKADE,,,,,,,,,,,,,,,,,,,,,,,,,,,,,,,,,,,,
12,NDB - HO-IBU,TO BE,"19,24",,ANT,HEAD OFFICE,,,,,,,,,,,,,,,,,,,,,,,,,,,,,,,,,,,,
13,NDB- KEKIRAWA,TO BE,22,,,,,,,,,,,,,,,,,,,,,,,,,,,,,,,,,,,,,,,
14,METHODIST CHURCH,DONE,,"21, 22",RC/MC,,,,,,,,,,,,,,,,,,,,,,,,,,,,,,,,,,,,,
15,SILVER MILL HO,ARRANGED,,"1 , 31",GPC/RC/MC,COLOMBO,,,,,,,,,,,,,,,,,,,,,,,,,,,,,,,,,,,,
,,,,,,,,,,,,,,,,,,,,,,,,,,,,,,,,,,,,,,,,,,
,HNB - 28,,,,TREATMENT,LOCATION,CONTACT NUMBER,,,,SALESMAN,,,,,,,,,,,,,,,,,,,,,,,,,,,,,,,
,,,,,,,,,,,,,,,,,,,,,,,,,,,,,,,,,,,,,,,,,,
,ZONE 01  (FORT AND PETTAH),,,,,,,,,,,,,,,,,,,,,,,,,,,,,,,,,,,,,,,,,
1,Call Center at IFJ Tower,DONE,28,29,GPC/RC,,,,,,,,,,,,,,,,,,,,,,,,,,,,,,,,,,,,,
2,City Office Branch,DONE,18,22,GPC/RC,,,,,,,,,,,,,,,,,,,,,,,,,,,,,,,,,,,,,
3,City Office-Audit,DONE,20,22,GPC/RC,,,,,,,,,,,,,,,,,,,,,,,,,,,,,,,,,,,,,
4,City Office-Centralize Operation,DONE,20,22,GPC/RC,,,,,,,,,,,,,,,,,,,,,,,,,,,,,,,,,,,,,
5,City Office-CTP,DONE,20,22,GPC/RC,,,,,,,,,,,,,,,,,,,,,,,,,,,,,,,,,,,,,
6,IBU,DONE,27,20,GPC/RC,,,,,,,,,,,,,,,,,,,,,,,,,,,,,,,,,,,,,
7,Pettah,DONE,17,13,GPC/RC,,,,,,,,,,,,,,,,,,,,,,,,,,,,,,,,,,,,,
8,Pettah Metro,DONE,27,20,GPC/RC,,,,,,,,,,,,,,,,,,,,,,,,,,,,,,,,,,,,,
9,Ports Authority,DONE,20,14,GPC/RC,,,,,,,,,,,,,,,,,,,,,,,,,,,,,,,,,,,,,
10,Sea Street,DONE,20,14,GPC/RC,,,,,,,,,,,,,,,,,,,,,,,,,,,,,,,,,,,,,
,,,,,,,,,,,,,,,,,,,,,,,,,,,,,,,,,,,,,,,,,,
,ZONE 02 (NORTH COLOMBO),,,,,,,,,,,,,,,,,,,,,,,,,,,,,,,,,,,,,,,,,
11,Aluthkade,DONE,23,18,GPC/RC,,,,,,,,,,,,,,,,,,,,,,,,,,,,,,,,,,,,,
12,Grandpass,DONE,23,20,GPC/RC,,,,,,,,,,,,,,,,,,,,,,,,,,,,,,,,,,,,,
13,Gunasinghepura Store,DONE,27,21,GPC/RC,,,,,,,,,,,,,,,,,,,,,,,,,,,,,,,,,,,,,
14,Hulftsdorp,DONE,23,18,GPC/RC,,,,,,,,,,,,,,,,,,,,,,,,,,,,,,,,,,,,,
15,Jampattah,DONE,17,13,GPC/RC,,,,,,,,,,,,,,,,,,,,,,,,,,,,,,,,,,,,,
16,Kotahena,DONE,23,21,GPC/RC,,,,,,,,,,,,,,,,,,,,,,,,,,,,,,,,,,,,,
17,Mutwal,DONE,27,21,GPC/RC,,,,,,,,,,,,,,,,,,,,,,,,,,,,,,,,,,,,,
,,,,,,,,,,,,,,,,,,,,,,,,,,,,,,,,,,,,,,,,,,
,ZONE 03- COLOMBO SOUTH,,,,,,,,,,,,,,,,,,,,,,,,,,,,,,,,,,,,,,,,,
18,Bambalapitiya,DONE,14,15,GPC/RC,,,,,,,,,,,,,,,,,,,,,,,,,,,,,,,,,,,,,
19,Kollupitiya,DONE,14,15,GPC/RC,,,,,,,,,,,,,,,,,,,,,,,,,,,,,,,,,,,,,
20,Pamankada,DONE,13,15,GPC/RC,,,,,,,,,,,,,,,,,,,,,,,,,,,,,,,,,,,,,
21,Thimbirigasyaya,DONE,18,16,GPC/RC,,,,,,,,,,,,,,,,,,,,,,,,,,,,,,,,,,,,,
22,Wellawatta,DONE,13,15,GPC/RC,,,,,,,,,,,,,,,,,,,,,,,,,,,,,,,,,,,,,
,,,,,,,,,,,,,,,,,,,,,,,,,,,,,,,,,,,,,,,,,,
,ZONE 04 - COLOMBO CENTRAL,,,,,,,,,,,,,,,,,,,,,,,,,,,,,,,,,,,,,,,,,
23,Asiri Central Hospital,DONE,20,18,GPC/RC,,,,,,,,,,,,,,,,,,,,,,,,,,,,,,,,,,,,,
24,Barnes Place,DONE,20,14,GPC/RC,,,,,,,,,,,,,,,,,,,,,,,,,,,,,,,,,,,,,
25,Green Path,DONE,27,18,GPC/RC,,,,,,,,,,,,,,,,,,,,,,,,,,,,,,,,,,,,,
26,Maradana,DONE,20,14,GPC/RC,,,,,,,,,,,,,,,,,,,,,,,,,,,,,,,,,,,,,
27,Nawaloka Hospital,DONE,20,14,GPC/RC,,,,,,,,,,,,,,,,,,,,,,,,,,,,,,,,,,,,,
28,Nawam Mawatha,DONE,20,14,GPC/RC,,,,,,,,,,,,,,,,,,,,,,,,,,,,,,,,,,,,,
,,,,,,,,,,,,,,,,,,,,,,,,,,,,,,,,,,,,,,,,,,
,ADHOC,status,,,TREATMENT,,,,,,SALESMAN,,,,,,,,,,,,,,,,,,,,,,,,,,,,,,,
1,Mr. Shihan Perera ,DONE,,17,TERMITE,MORATUWA,,,,,,,,,,,,,,,,,,,,,,,,,,,,,,,,,,,,
2,EGX LANKA - HO,DONE,,5,RC,COLOMBO,,,,,,,,,,,,,,,,,,,,,,,,,,,,,,,,,,,,
3,EGX LANKA - WARE HOUSE,DONE,,9,,GONAWALA,,,,,,,,,,,,,,,,,,,,,,,,,,,,,,,,,,,,
4,JBL CORNER,DONE,,1,,NUGEGODA,,,,,,,,,,,,,,,,,,,,,,,,,,,,,,,,,,,,
5,MR MALITH ,DONE,,9,TC,PANADURA,,,,,,,,,,,,,,,,,,,,,,,,,,,,,,,,,,,,
6,DR PRADEEP KOTHALAWALA,DONE,,9,,HOMAGAMA,,,,,,,,,,,,,,,,,,,,,,,,,,,,,,,,,,,,
8,MS RENUKA,DONE,,14,TC,RAJAGIRIYA,,,,,,,,,,,,,,,,,,,,,,,,,,,,,,,,,,,,
9,MS SHASHIKA PERIES,DONE,,12,TC,MORATUWA,,,,,,,,,,,,,,,,,,,,,,,,,,,,,,,,,,,,
10,FRH HOLDINGS,DONE,,12,TC,COLOMBO,,,,,,,,,,,,,,,,,,,,,,,,,,,,,,,,,,,,
11,KFC HOSTEL,DONE,,12,BEDBUG,UNION PLACE,,,,,,,,,,,,,,,,,,,,,,,,,,,,,,,,,,,,
12,CEYLON ROYAL TEA,DONE,,10,RC BB,HOMAGAMA,,,,,,,,,,,,,,,,,,,,,,,,,,,,,,,,,,,,
13,PLANT BOOK,DONE,,8,MC,ON SITE,,,,,,,,,,,,,,,,,,,,,,,,,,,,,,,,,,,,
14,MR HEMANTHA,DONE,,8,TC,MALAMBE,,,,,,,,,,,,,,,,,,,,,,,,,,,,,,,,,,,,
15,GILLS FOOD (SPECIAL RODENT),ARRANGED,,"8,13,19",RC ,KATUNAYAKE,,,,,,,,,,,,,,,,,,,,,,,,,,,,,,,,,,,,
16,MR KUMARASIRI,DONE,,26,TC,MAHARAGAMA,,,,,,,,,,,,,,,,,,,,,,,,,,,,,,,,,,,,
17,KFC HOSTEL - NUGEGODA,DONE,,20,BEDBUG,NUGEGODA,,,,,,,,,,,,,,,,,,,,,,,,,,,,,,,,,,,,
18,MR CHAVINDU YOHAN,DONE,,19,TC,,,,,,,,,,,,,,,,,,,,,,,,,,,,,,,,,,,,,
19,WICHY PLANTATION,DONE,,19,FLY,,,,,,,,,,,,,,,,,,,,,,,,,,,,,,,,,,,,,
20,MRS RENUKA ABEYGUNAWARDANA,DONE,,25 (9.00 AM),TC - SPRAY,,,,,,,,,,,,,,,,,,,,,,,,,,,,,,,,,,,,,
22,PRIYANTHA GEMS,DONE,,15 - 2 PM,,,,,,,,,,,,,,,,,,,,,,,,,,,,,,,,,,,,,,
,RDS - WATTALA AND COLOMBO,,,,,,,,,,,,,,,,,,,,,,,,,,,,,,,,,,,,,,,,,
1, Interocean logistics ltd - RDS Wattala house,ARRANGED,,"7,14,21,28",GPC/RC/MC,,,,,,,,,,,,,,,,,,,,,,,,,,,,,,,,,,,,,
2, Interocean logistics ltd - RDS Wattala house,ARRANGED,,"7,14,21,29",MC,,,,,,,,,,,,,,,,,,,,,,,,,,,,,,,,,,,,,
3, Interocean services ltd - 2 WH's,ARRANGED,,"7,14,21,30",GPC/RC,,,,,,,,,,,,,,,,,,,,,,,,,,,,,,,,,,,,,
4, Interocean logistics ltd - RDS camebridge house,ARRANGED,,"9,16,23,30",GPC/RC,,,,,,,,,,,,,,,,,,,,,,,,,,,,,,,,,,,,,
5, Interocean logistics ltd - RDS camebridge house,ARRANGED,,"5,12,19,26",MC,,,,,,,,,,,,,,,,,,,,,,,,,,,,,,,,,,,,,
6, MCLERANS HEAD OFFICE - SHIPPINHG AGENCY HOUSE,ARRANGED,,"1,7,18, 21, 29",GPC/RC/MC,,,,,,,,,,,,,,,,,,,,,,,,,,,,,,,,,,,,,
MANULAS PEST OPARATIONS,,,,,,,,,,,,
,CLIENT,ARRANGED,PREVIOUS,NEXT DATE,SCOPES ,TREATMENT,LOCATION,CONTACT NUMBER,FREQUENCY,Prefer Day,Duration and PCT ,SALESMAN
,,,,,,,,,,,,
,DAILY OPAARATIONS,TO BE - DONE,,,,,,,,,,
1,AIRPORT & AVIATION- KATUNAYAKE,DAILY ,ARRANGED,,,GPC/RC/MC,KATUNAYAKE,,,,,
2,COMMERCIAL CREDIT TRAINING CENTRE,DAILY ,ARRANGED,,,GPC/RC/MC,PILIYANDALA,,,,,
3,SERANDIB MILLS ,DAILY ,ARRANGED,,,GPC/RC/MC,COLOMBO PORT,,,,,
4,SERANDIB MILLS - HO,DAILY ,ARRANGED,,,RC,Orugodawatta,,,,,
5,TOPAZ HOTEL,DAILY ,ARRANGED,,,RC,Kandy,,,,,
,,,,,,,,,,,,
,WEEKLY TREATMENTS,TO BE - DONE,,,,,,,,,,
1,ALIYA LOUNGE,ARRANGED,"2,9,16,23,30","6,13,20,27",OK,GPC/RC,COLOMBO,717400902,Weekly,SUNDAY,,Pubudu
19, MCLERANS HEAD OFFICE - SHIPPINHG AGENCY HOUSE,ARRANGED,"1,7,18, 21, 29","5,11,19,25",OK,GPC/RC/MC,VAUXHALL STREET,,,,,
2,BMICH ,ARRANGED,"1,8,15,19","4 , 12 , 19 , 26",OK,RC,COLOMBO,0717402716 (SAMEERA),,saturday,,
3,BRITISH PUB,ARRANGED,"2,9,16,23,30","6,13,20,27",OK,GPC/RC,COLOMBO,701471144,Weekly,SUNDAY,,Pubudu
4,COMMERCIAL CREDIT CENTRE,ARRANGED,"2,9,16,23,30","6,15,20,27",OK,MC (FOGGING),PILIYANDALA,,Weekly,SUNDAY,,
5,CWIT (COLOMBO WEST TERMINAL),ARRANGED,"9,23","6,20",OK,FLY/MC,PORT,,FORTNIGHTLY,SUNDAY,,Pubudu
6,FOOD STUDIO PVT LTD,ARRANGED,"5,12,19","2,9,16,23,30",OK,GPC,BANDARANAYAKE AIRPORT,,Weekly,1st week Wednesday,,
14,INTEROCEAN LOGISTICS,ARRANGED,"7,14,21,28","4 , 11 , 18 , 25",OK,GPC/RC/MC,57 - WATTALA RESIDENCE,,"1,3 -GPC,RC,MC","2,4 - MC ",,
17,INTEROCEAN LOGISTICS - RDS CAMBRIDGE,ARRANGED,"9,16,23,30","6,13,20,27",OK,GPC/RC,COLOMBO,,,,,
18,INTEROCEAN LOGISTICS - RDS CAMBRIDGE,ARRANGED,"5,12,19,26","2,9,16,23,30",OK,MC,COLOMBO,,,,,
15,INTEROCEAN SERVICES,WEEKLY,"7,14,21,29","4 , 11 , 18 , 25",OK,GPC/RC,54 - WATTALA STORES,,"1,3 -GPC,RC","2,4 - GPC",,
9,KALUBOWILA TEACHING HOSPITAL,ARRANGED,"5,10,20,25","4,10,15,22,29",OK,RCV / RC,NUGEGODA,,Weekly,,,BOSS
10,MALIBAN BISCUIT MANUFACTORIES PVT LTD,WEEKLY,2026-09-15,,OK,GPC/RC/FLY,RATHMALANA,,,,,
16,MCLERANCE AUTOMOTIVE,WEEKLY,"7,14,21,30","4 , 11 , 18 , 25",OK,GPC/RC/MC,52 - WATTALA,,"1,3 -GPC,RC,MC","2,4 - MC",,
11,NDB - DHARMAPALA MAWATHA,WEEKLY,"2,9,16,23,30","6, 13, 20, 27",OK,MC,COLOMBO,,Weekly,SUNDAY,,
12,NDB - NAWAM MAWATHA,WEEKLY,"2,9,16,23,30","6, 13, 20, 27",OK,MC,COLOMBO,,Weekly,SUNDAY,,BOSS
13,SILVERMILL GROUP,WEEKLY,,,OK,GPC/RC/FLY,GIRIULLA,,,,,
,,,,,,,,,,,,
,MONTHLEY TREATMENTS,TO BE - DONE,,,,,,,,,,
1,AMAGI FOODS PVT LTD,JOB IS DONE,13 (2.00 PM),11 - 2 pm,NO,GPC/RC/FLY/MC,EKALA,0770899800 (SHIVANTHI),MONTHLY,,,
2,ANTHLER GROUP,TO BE  DONE,,,NO,GPC,PILIYANDALA,,03 month,,,Janadara
3,ASIAN AGRO PRODUCTS,ARRANGED,2026-01-29,19 - ktn,NO,GPC,KATUNAYAKA,0777262612 (ASHEN),,,,
4,BELUMMAHARA MILLS,JOB IS DONE,8,5 (9.30 am),NO,GPC/ RC,BELUMMAHARA,0707255804 (chathuri),Monthly,,,Wijenayaka
5,BOBING GROUP (APPAREL),JOB IS DONE,22,12 - 9AM,NO,MC,MT LAVINIA,0763590982 (Dinushi),Monthly,,,Wijenayaka
6,C E W A S (TANDEM SPEED),JOB IS DONE,12,"9 (5.00PM), 14",NO,GPC/MC,RATHMALANA,0754053481 (chathurani),FORTNIGHTY,,,Janadara
7,C E W A S (TANDEM SPEED),TO BE  DONE,28,28,NO,MC,RATHMALANA,0763591144 (Office),FORTNIGHTY,,,Janadara
8,CEYLON CHOCOLATE LTD,ARRANGED,20,15 (4.00PM),NO,GPC - RC,COLOMBO 13,,,,,
9,CEYLON ROYAL TEAS (Pvt) LTD - TEA FACTORY,JOB IS DONE,7,7,OK,GPC/RC,HOMAGAMA,0769955071 (SHRIMALEE),Monthly,,,Wasantha
10,CEYLON ROYAL TEAS (Pvt) LTD - WAREHOUSE,JOB IS DONE,5,7,OK,GPC/RC,HOMAGAMA,0769955071 (SHRIMALEE),Monthly,,,
11,CEYMED HEALTHCARE SERVICES,JOB IS DONE,"6,7",1,OK,GPC/RC,,,,,,
12,DIMO AGRI BUSINESS,TO BE  DONE,18,18,OK,MC,PELIYAGODA,0742702934 (Mr Rashika),Monthly,Sturday 2pm,,Wijenayaka
13,DINUTH CEYFOOD,JOB IS DONE,14,12 - 10 AM,OK,GPC/RC/MC,SEEDUWA,0771054372 (Maheesha),Monthly,weekday after 2 pm,,Wasantha
14,DRUGS COPARATION (SL AYURVEDIC),TO BE  DONE,14 (9.00 AM),18 (9.00 AM),OK,GPC/RC/MC,NAWINNA,,Monthly,week day 10 am,,Janadara
15,E. L. S CONSTRUCTION,JOB IS DONE,9,5,OK,GPC/RC,KATUWAWELA,0713281422 (NIRMAL),Monthly,,,
16,EARL REEF HOTEL,ARRANGED,4,15,OK,GPC/RC/MC,BERUWALA,0773766379 (Theshan),Monthly,,,Wasantha
17,ETHAL GROUP (PVT) LTD,JOB IS DONE,8,12 (5.00 pm),NO,RC/MC,KAHAPOLA,0777254763 (PAWANI ),Monthly,SATURDAY,,Janadara
18,ETHICAL EXTRACT (Pvt) LTD,ARRANGED,20 (1.00 pm),21 before 3 pm,OK,GPC+RC,KADAWATHA,0716402663 (RANDIKA),Monthly,,,Wasantha
19,FLEMINGO RETAIL HOSPITALITY,ARRANGED,5,by ktn,NO,GPC,BANDARANAYAKE AIRPORT,,Monthly,,,
20,FORT HERITAGE VENTURES (HOTEL),TO BE  DONE,,,NO,GPC/MC/RC,MATARA,0777213817 (Mr Nuwan),Monthly,,,Wijee
21,FORT HERITAGE VENTURES (RESIDENCE),TO BE  DONE,,,NO,GPC/MC/RC,MATARA,077213817 (Mr Nuwan),Monthly,,,Wijee
22,FRIGI ENGINEERING,JOB IS DONE,,3,NO,RC,COLOMBO - 03,,,,,
23,GILLS FOOD KATUNAYAKE,TO BE  DONE,22 (3.00 PM),20 (10.00AM),NO,GPC+RC,KATUNAYAKE,0754322589 (DILSHANI),Monthly,,,
24,GILLS INTERNATIONAL,JOB IS DONE,2,6 (4.00 pm),NO,GPC+RC,KATUNAYAKA - BY KTN,0784249433 (Hasitha),Monthly,Sunday,3 hrs - 02 PCT,Pubudu
25,GILLS INTERNATIONAL,TO BE  DONE,23 (5.00PM),20,NO,FLY,KATUNAYAKA - BY KTN,0784249433 (Hasitha),Monthly,Monday,1.5 hrs - 02 PCT,Pubudu
26,GILLS WATTALA (ANDREWS PREIMIUM),TO BE  DONE,22,27 (10.00 AM),OK,GPC/RC,WATTALA,0754322589 (DILSHANI),Monthly,,,WASANTHA
27,HENEGAMA MILLS,ARRANGED,8,19 (1.00 pm),NO,GPC/RC,HENEGAMA,0787065212 (Mr Lakindu),,12PM 3PM,,
28,HERITAGE TEAS (PVT) LTD,JOB IS DONE, 13 - 8.30,11 (9.00 AM),OK,RC,WELLAMPITIYA,0774133501 (Amal),Monthly,FRIDAY,,Pubudu
29,HERITAGE TEAS (PVT) LTD,JOB IS DONE,15 - 7.30 AM,12 (7.30 AM),OK,GPC (COCKROACH),WELLAMPITIYA,,,,,
30,JETWING LAGOON WELLNESS,ARRANGED,"11 , 12",19,OK,RC/GPC/MC,NEGAMBO,0707443116 (Mr Nihal),Monthly,1st week,,Wijenayaka
31,JETWING LAGOON WELLNESS,ARRANGED,30,30,OK,MC,NEGAMBO,,Fortnight,3rd week,,Wijenayaka
32,LOLC TECHNOLOGIES (LOIT),TO BE  DONE,,,NO,,RAJAGIRIYA,,Monthly,,,JANADARA
33,LRH (LADY RIDGEWAY),JOB IS DONE,2026-12-19,4,OK,RC/RCV,BORELLA,,EVENING 3 PM ( MONDAY ),,,
34,NDB - DARMAPALA MAWATHA,JOB IS DONE,16,13,OK,GPC/MC/ RC,DARMPALA MAWATHA,,,,,
35,NDB - MAIN BRANCH - 02,JOB IS DONE,16,13,OK,GPC/RC,MARINE DRIVE,,Monthly,,,Janadara
36,NDB - MAIN BRANCH - 03,TO BE  DONE,12,15,OK,GPC/RC,GREEN LANKA,,Monthly,,,Janadara
37,NDB - MAIN BRANCH - 04,TO BE  DONE,12,15,OK,GPC/RC,NARAHENPITA,,Monthly,weekday,,Janadara
38,NDB - MAIN BRANCH - 05,JOB IS DONE,16,15,OK,GPC/RC,VAUXHALL STREET,,Monthly,,,Janadara
39,NDB - MAIN BRANCH - 06,TO BE  DONE,16,20,OK,GPC/RC,PETTAH,,Monthly,,,Janadara
40,NDB - NAWAM MAWATHA,JOB IS DONE,16,13,OK,GPC/MC/ RC,NAWAM MAWATHA,,Monthly,2 pm Sunday,,Janadara
41,NDB- MAIN BRANCH - 01,TO BE  DONE,12,16,OK,GPC/RC,MALAMBE DR,,Monthly,weekday night,,
42,NDC - EXPORTS (Pvt) LTD,ARRANGED,24,9,OK,FLY,PANNALA,,,3rd week (saturday),,
43,NDC - EXPORTS (Pvt) LTD,JOB IS DONE,6,9,OK,GPC/RC,PANNALA,0773962202 (Mr sanka),Monthly,1st week (Saturday),,Wijenayaka
44,NELNA FARM (Pvt) LTD,TO BE  DONE,"1 , 24",,OK,GPC/RC/MC,MITHIRIGALA,0773950241 ( lakmali ),Monthly,2 pm Saturday,,Wasantha
45,NMRA - COLOLMO 02,JOB IS DONE,11,11 (4.30 pm),NO,GPC/RC/MC,COLOMBO 02,,,,,
46,NMRA - COLOMBO 02,TO BE  DONE,,25,,MC,COLOMBO 02,,,,,
47,NMRA - COLOMBO 10,JOB IS DONE,12,"11 (4.30 pm), 13",NO,GPC/RC/MC,NORRIS CANAL,,,,,
48,NMRA - COLOMBO 10,TO BE  DONE,,25,,MC,NORRIS CANAL,,,,,
49,OLEENA NATURAL FOODS,SUSPENDED,,,NO,GPC/RC/MC ( ANT ),DIVLAPITIYA,,Monthly,,,DILHAN
50,S.T ANTHONY’S BIZ (Pvt) LTD,JOB IS DONE,13 (10.00am),11 (10.00am),OK,GPC+RC,JA ELA,0715165030 (HIMASHA),Monthly,,,Wasantha
51,ASRIEL MARAKETING,ARRANGED,,16 (3.00 PM),NO,COCKROACH ,AIRPORT,,Monthly,,,Pubudu
52,SETHMA HOSPITAL,TO BE  DONE,31,29,OK,GPC/RC/MC,GAMPAHA,718623720 (krishantha),Monthly,,,Suraj
53,SPECTRA LOGISTICS,JOB IS DONE,3,2,OK,GPC/RC/MC,WATTALA,,Monthly,,,Wasantha
54,SPECTRA LOGISTICS,JOB IS DONE,3,2,OK,GPC/RC/MC,SAPUGASKANDA,,Monthly,,,Wasantha
55,SPECTRA LOGISTICS,JOB IS DONE,3,2,OK,GPC/RC/MC,NITTABUWA,,Monthly,,,Wasantha
56,SPECTRA LOGISTICS,JOB IS DONE,3,1,OK,GPC/RC/MC,JA ELA ( WH ),,Monthly,,,Wasantha
57,SPECTRA LOGISTICS,JOB IS DONE,5,3,OK,GPC/RC/MC,DC,,Monthly,,,Wasantha
58,SPECTRA LOGISTICS,JOB IS DONE,5,3,OK,GPC/RC/MC,DEPOT,,Monthly,,,Wasantha
59,SUNIL TRADERS,TO BE  DONE,4,PENDING,NO,RC,HOKANDARA,772216512,Monthly,,,Janadara
60,WICHY BEVERAGE,JOB IS DONE,4,"2 , 3",OK,GPC/RC,SEETHAWAKAPURA,,Monthly,,,Wasantha
,,,,,,,,,,,,
,ON REQUEST,TO BE - DONE,,,,,,,,,,
1,NDB - MALAMBE,TO BE  DONE,20,,ARRANGED,RAT REMOVE,,,Monthly,,,Pubudu
2,COMMERCIAL CREDIT & FINANCE - NE,TO BE  DONE,16,,ARRANGED,GPC/RC/MC,NUWARA ELIYA,,,,,
3,HERITAGE TEAS (PVT) LTD,TO BE  DONE,,,ARRANGED,STORED PEST,WELLAMPITIYA,,Monthly,,,Pubudu
4,LOLC TECHNOLOGIES,TO BE  DONE,29,,ARRANGED,RC,COLOMBO - 02,,Monthly,weekday after 2 pm,1 PCT,Wasantha
5,METHODIST CHURCH,TO BE  DONE,"21, 22",,ARRANGED,RC/MC,,,,,,
6,MR HISHAM`S HOUSE,TO BE  DONE,,,ARRANGED,MC,COLPETTY,,Monthly,,,
7,MR HUSSAIN`S HOUSE,TO BE  DONE,,,ARRANGED,MC,,,Monthly,,,
8,NDB - HAVELOCK TOWN,TO BE  DONE,,,ARRANGED,MC,Havelock Town,,Monthly,,,
9,NDB - HO-IBU,TO BE  DONE,,,ARRANGED,ANT,HEAD OFFICE,,,,,
10,NDB -KURUNEGALA,TO BE  DONE,,,ARRANGED,MC,Piliyandala,,,,,
11,NDB- BADULLA,JOB IS DONE,,4,ARRANGED,TC,BADULLA,,,,,
12,NDB- GREEN LANKA,TO BE  DONE,12,,ARRANGED,MC,Nawam Mawatha,,,,,
13,NDB- KEKIRAWA,TO BE  DONE,,,ARRANGED,,,,,,,
14,NDB- KOCCHIKADE,TO BE  DONE,,,ARRANGED,TC,KOCCHIKADE,,,,,
15,SILVER MILL HO,TO BE  DONE,2026-01-29,,ARRANGED,GPC/RC/MC,COLOMBO,,,,,
,,,,,,,,,,,,
,HNB BRANCHES - 28,TO BE - DONE,,,,,,,,,,
1,City Office-Audit,TO BE  DONE,22,19,OK,GPC/RC,ZONE 01  (FORT AND PETTAH),,,,,
2,Call Center at IFJ Tower,TO BE  DONE,29,,OK,GPC/RC,ZONE 01  (FORT AND PETTAH),,,,,
3,City Office Branch,TO BE  DONE,22,19,OK,GPC/RC,ZONE 01  (FORT AND PETTAH),,,,,
4,City Office-Centralize Operation,TO BE  DONE,22,19,OK,GPC/RC,ZONE 01  (FORT AND PETTAH),,,,,
5,City Office-CTP,TO BE  DONE,22,19,OK,GPC/RC,ZONE 01  (FORT AND PETTAH),,,,,
6,IBU,TO BE  DONE,20,17,OK,GPC/RC,ZONE 01  (FORT AND PETTAH),,,,,
7,Pettah,TO BE  DONE,13,15,OK,GPC/RC,ZONE 01  (FORT AND PETTAH),,,,,
8,Pettah Metro,TO BE  DONE,20,17,OK,GPC/RC,ZONE 01  (FORT AND PETTAH),,,,,
9,Ports Authority,TO BE  DONE,14,15,OK,GPC/RC,ZONE 01  (FORT AND PETTAH),,,,,
10,Sea Street,TO BE  DONE,14,15,OK,GPC/RC,ZONE 01  (FORT AND PETTAH),,,,,
,,,,,,,,,,,,
11,Aluthkade,TO BE  DONE,18,16,OK,GPC/RC,ZONE 02 (NORTH COLOMBO),,,,,
12,Grandpass,TO BE  DONE,20,17,OK,GPC/RC,ZONE 02 (NORTH COLOMBO),,,,,
13,Gunasinghepura Store,TO BE  DONE,21,17,OK,GPC/RC,ZONE 02 (NORTH COLOMBO),,,,,
14,Hulftsdorp,TO BE  DONE,18,16,OK,GPC/RC,ZONE 02 (NORTH COLOMBO),,,,,
15,Jampattah,TO BE  DONE,13,15,OK,GPC/RC,ZONE 02 (NORTH COLOMBO),,,,,
16,Kotahena,TO BE  DONE,21,17,OK,GPC/RC,ZONE 02 (NORTH COLOMBO),,,,,
17,Mutwal,TO BE  DONE,21,17,OK,GPC/RC,ZONE 02 (NORTH COLOMBO),,,,,
,,,,,,,,,,,,
18,Bambalapitiya,TO BE  DONE,14,15,OK,GPC/RC,ZONE 03- COLOMBO SOUTH,,,,,
19,Kollupitiya,TO BE  DONE,14,15,OK,GPC/RC,ZONE 03- COLOMBO SOUTH,,,,,
20,Pamankada,TO BE  DONE,13,15,OK,GPC/RC,ZONE 03- COLOMBO SOUTH,,,,,
21,Thimbirigasyaya,TO BE  DONE,18,16,OK,GPC/RC,ZONE 03- COLOMBO SOUTH,,,,,
22,Wellawatta,TO BE  DONE,13,15,OK,GPC/RC,ZONE 03- COLOMBO SOUTH,,,,,
,,,,,,,,,,,,
21,Asiri Central Hospital,TO BE  DONE,18,18 (3.30 PM),OK,GPC/RC,ZONE 04 - COLOMBO CENTRAL,,,,,
22,Barnes Place,TO BE  DONE,14,16,OK,GPC/RC,ZONE 04 - COLOMBO CENTRAL,,,,,
23,Green Path,TO BE  DONE,18,18,OK,GPC/RC,ZONE 04 - COLOMBO CENTRAL,,,,,
24,Maradana,TO BE  DONE,14,16,OK,GPC/RC,ZONE 04 - COLOMBO CENTRAL,,,,,
25,Nawaloka Hospital,TO BE  DONE,14,16,OK,GPC/RC,ZONE 04 - COLOMBO CENTRAL,,,,,
26,Nawam Mawatha,TO BE  DONE,14,16,OK,GPC/RC,ZONE 04 - COLOMBO CENTRAL,,,,,
